Profile: onnxruntime_profile__2026-08-22_12-36-35_713.json
Total events: 5531

================================================================================
EVENT NAMES
================================================================================
   388  /decoder/dec_rnn/lstm/LSTM&LSTM&LstmStateCopy
   388  /decoder/dec_rnn/lstm/LSTM_1&LSTM&LstmStateCopy
    97  Identity_57_kernel_time
    97  /decoder/dec_rnn/lstm/Slice_3_kernel_time
    97  /decoder/dec_rnn/lstm/Slice_2_kernel_time
    97  /decoder/dec_rnn/lstm/Slice_1_kernel_time
    97  /decoder/dec_rnn/lstm/Slice_kernel_time
    97  /decoder/Cast_kernel_time
    97  Memcpy_kernel_time
    97  /decoder/embed/Gather_kernel_time
    97  /decoder/Transpose_kernel_time
    97  /decoder/dec_rnn/lstm/LSTM_kernel_time
    97  /decoder/dec_rnn/lstm/Squeeze_kernel_time
    97  /decoder/dec_rnn/lstm/LSTM_1_kernel_time
    97  /decoder/dec_rnn/lstm/Squeeze_1_kernel_time
    97  /joint/Transpose_1_kernel_time
    97  /joint/pred/MatMul_kernel_time
    97  /joint/pred/Add_kernel_time
    97  /joint/Unsqueeze_1_kernel_time
    97  /joint/Transpose_kernel_time
    97  /joint/enc/MatMul_kernel_time
    97  /joint/enc/Add_kernel_time
    97  /joint/Unsqueeze_kernel_time
    97  /joint/Add_kernel_time
    97  /joint/joint_net/joint_net.0/Relu_kernel_time
    97  /joint/joint_net/joint_net.2/MatMul_kernel_time
    97  /joint/joint_net/joint_net.2/Add_kernel_time
    97  /decoder/dec_rnn/lstm/Concat_1_kernel_time
    97  /decoder/dec_rnn/lstm/Concat_kernel_time
    97  SequentialExecutor::Execute
    97  model_run
    97  /decoder/dec_rnn/lstm/Slice_3&Slice&Slice
    97  /decoder/dec_rnn/lstm/Slice_2&Slice&Slice
    97  /decoder/dec_rnn/lstm/Slice_1&Slice&Slice
    97  /decoder/dec_rnn/lstm/Slice&Slice&Slice
    97  /decoder/embed/Gather&Gather&Gather
    97  /decoder/Transpose&Transpose&Transpose
    97  /decoder/dec_rnn/lstm/LSTM&LSTM&LstmCell
    97  /decoder/dec_rnn/lstm/LSTM_1&LSTM&LstmCell
    97  /joint/Transpose_1&Transpose&Transpose
    97  /joint/pred/MatMul&MatMul&MatMul
    97  /joint/pred/Add&Add&Add
    97  /joint/Transpose&Transpose&Transpose
    97  /joint/enc/MatMul&MatMul&MatMul
    97  /joint/enc/Add&Add&Add
    97  /joint/Add&Add&Add
    97  /joint/joint_net/joint_net.0/Relu&Relu&Relu
    97  /joint/joint_net/joint_net.2/MatMul&MatMul&MatMul
    97  /joint/joint_net/joint_net.2/Add&Add&Add
    97  /decoder/dec_rnn/lstm/Concat_1&Concat&Concat
    97  /decoder/dec_rnn/lstm/Concat&Concat&Concat
     1  model_loading_uri
     1  session_initialization

================================================================================
EVENT CATEGORIES
================================================================================
  2716  Api
  2619  Node
   196  Session

================================================================================
TRANSFER / SYNCHRONIZATION EVENTS
================================================================================
Matching events: 873

       0.153 ms  Memcpy_kernel_time
    category: Node
    args: {'node_index': '26', 'op_name': 'MemcpyFromHost', 'provider': 'WebGpuExecutionProvider', 'output_size': '8', 'activation_size': '8', 'parameter_size': '0', 'thread_scheduling_stats': {'main_thread': {'thread_pool_name': 'session-3-intra-op', 'thread_id': '7420', 'block_size': [], 'core': 0, 'Distribution': 0, 'DistributionEnqueue': 0, 'Run': 0, 'Wait': 0, 'WaitRevoke': 0}, 'sub_threads': {'15608': {'num_run': 0, 'core': -1}, '7876': {'num_run': 0, 'core': -1}, '16020': {'num_run': 0, 'core': -1}, '11772': {'num_run': 0, 'core': -1}, '7348': {'num_run': 0, 'core': -1}, '8144': {'num_run': 0, 'core': -1}, '15672': {'num_run': 0, 'core': -1}, '5464': {'num_run': 0, 'core': -1}, '15912': {'num_run': 0, 'core': -1}, '5132': {'num_run': 0, 'core': -1}, '14228': {'num_run': 0, 'core': -1}, '12928': {'num_run': 0, 'core': -1}, '17528': {'num_run': 0, 'core': -1}, '17888': {'num_run': 0, 'core': -1}, '17500': {'num_run': 0, 'core': -1}}}, 'output_type_shape': [{'int64': [1, 1]}], 'input_type_shape': [{'int64': [1, 1]}]}

       0.126 ms  Memcpy_kernel_time
    category: Node
    args: {'provider': 'WebGpuExecutionProvider', 'activation_size': '8', 'parameter_size': '0', 'thread_scheduling_stats': {'main_thread': {'thread_pool_name': 'session-3-intra-op', 'thread_id': '7420', 'block_size': [], 'core': 0, 'Distribution': 0, 'DistributionEnqueue': 0, 'Run': 0, 'Wait': 0, 'WaitRevoke': 0}, 'sub_threads': {'15608': {'num_run': 0, 'core': -1}, '7876': {'num_run': 0, 'core': -1}, '16020': {'num_run': 0, 'core': -1}, '11772': {'num_run': 0, 'core': -1}, '7348': {'num_run': 0, 'core': -1}, '8144': {'num_run': 0, 'core': -1}, '15672': {'num_run': 0, 'core': -1}, '5464': {'num_run': 0, 'core': -1}, '15912': {'num_run': 0, 'core': -1}, '5132': {'num_run': 0, 'core': -1}, '14228': {'num_run': 0, 'core': -1}, '12928': {'num_run': 0, 'core': -1}, '17528': {'num_run': 0, 'core': -1}, '17888': {'num_run': 0, 'core': -1}, '17500': {'num_run': 0, 'core': -1}}}, 'node_index': '26', 'op_name': 'MemcpyFromHost', 'output_size': '8', 'input_type_shape': [{'int64': [1, 1]}], 'output_type_shape': [{'int64': [1, 1]}]}

       0.096 ms  Memcpy_kernel_time
    category: Node
    args: {'output_type_shape': [{'int64': [1, 1]}], 'parameter_size': '0', 'thread_scheduling_stats': {'main_thread': {'thread_pool_name': 'session-3-intra-op', 'thread_id': '7420', 'block_size': [], 'core': 0, 'Distribution': 0, 'DistributionEnqueue': 0, 'Run': 0, 'Wait': 0, 'WaitRevoke': 0}, 'sub_threads': {'15608': {'num_run': 0, 'core': -1}, '7876': {'num_run': 0, 'core': -1}, '16020': {'num_run': 0, 'core': -1}, '11772': {'num_run': 0, 'core': -1}, '7348': {'num_run': 0, 'core': -1}, '8144': {'num_run': 0, 'core': -1}, '15672': {'num_run': 0, 'core': -1}, '5464': {'num_run': 0, 'core': -1}, '15912': {'num_run': 0, 'core': -1}, '5132': {'num_run': 0, 'core': -1}, '14228': {'num_run': 0, 'core': -1}, '12928': {'num_run': 0, 'core': -1}, '17528': {'num_run': 0, 'core': -1}, '17888': {'num_run': 0, 'core': -1}, '17500': {'num_run': 0, 'core': -1}}}, 'output_size': '8', 'provider': 'WebGpuExecutionProvider', 'activation_size': '8', 'node_index': '26', 'op_name': 'MemcpyFromHost', 'input_type_shape': [{'int64': [1, 1]}]}

       0.099 ms  Memcpy_kernel_time
    category: Node
    args: {'output_size': '8', 'output_type_shape': [{'int64': [1, 1]}], 'op_name': 'MemcpyFromHost', 'thread_scheduling_stats': {'main_thread': {'thread_pool_name': 'session-3-intra-op', 'thread_id': '7420', 'block_size': [], 'core': 0, 'Distribution': 0, 'DistributionEnqueue': 0, 'Run': 0, 'Wait': 0, 'WaitRevoke': 0}, 'sub_threads': {'15608': {'num_run': 0, 'core': -1}, '7876': {'num_run': 0, 'core': -1}, '16020': {'num_run': 0, 'core': -1}, '11772': {'num_run': 0, 'core': -1}, '7348': {'num_run': 0, 'core': -1}, '8144': {'num_run': 0, 'core': -1}, '15672': {'num_run': 0, 'core': -1}, '5464': {'num_run': 0, 'core': -1}, '15912': {'num_run': 0, 'core': -1}, '5132': {'num_run': 0, 'core': -1}, '14228': {'num_run': 0, 'core': -1}, '12928': {'num_run': 0, 'core': -1}, '17528': {'num_run': 0, 'core': -1}, '17888': {'num_run': 0, 'core': -1}, '17500': {'num_run': 0, 'core': -1}}}, 'node_index': '26', 'input_type_shape': [{'int64': [1, 1]}], 'provider': 'WebGpuExecutionProvider', 'parameter_size': '0', 'activation_size': '8'}

       0.091 ms  Memcpy_kernel_time
    category: Node
    args: {'output_size': '8', 'activation_size': '8', 'node_index': '26', 'input_type_shape': [{'int64': [1, 1]}], 'op_name': 'MemcpyFromHost', 'parameter_size': '0', 'provider': 'WebGpuExecutionProvider', 'thread_scheduling_stats': {'main_thread': {'thread_pool_name': 'session-3-intra-op', 'thread_id': '7420', 'block_size': [], 'core': 0, 'Distribution': 0, 'DistributionEnqueue': 0, 'Run': 0, 'Wait': 0, 'WaitRevoke': 0}, 'sub_threads': {'15608': {'num_run': 0, 'core': -1}, '7876': {'num_run': 0, 'core': -1}, '16020': {'num_run': 0, 'core': -1}, '11772': {'num_run': 0, 'core': -1}, '7348': {'num_run': 0, 'core': -1}, '8144': {'num_run': 0, 'core': -1}, '15672': {'num_run': 0, 'core': -1}, '5464': {'num_run': 0, 'core': -1}, '15912': {'num_run': 0, 'core': -1}, '5132': {'num_run': 0, 'core': -1}, '14228': {'num_run': 0, 'core': -1}, '12928': {'num_run': 0, 'core': -1}, '17528': {'num_run': 0, 'core': -1}, '17888': {'num_run': 0, 'core': -1}, '17500': {'num_run': 0, 'core': -1}}}, 'output_type_shape': [{'int64': [1, 1]}]}

       0.099 ms  Memcpy_kernel_time
    category: Node
    args: {'activation_size': '8', 'parameter_size': '0', 'output_type_shape': [{'int64': [1, 1]}], 'thread_scheduling_stats': {'main_thread': {'thread_pool_name': 'session-3-intra-op', 'thread_id': '7420', 'block_size': [], 'core': 0, 'Distribution': 0, 'DistributionEnqueue': 0, 'Run': 0, 'Wait': 0, 'WaitRevoke': 0}, 'sub_threads': {'15608': {'num_run': 0, 'core': -1}, '7876': {'num_run': 0, 'core': -1}, '16020': {'num_run': 0, 'core': -1}, '11772': {'num_run': 0, 'core': -1}, '7348': {'num_run': 0, 'core': -1}, '8144': {'num_run': 0, 'core': -1}, '15672': {'num_run': 0, 'core': -1}, '5464': {'num_run': 0, 'core': -1}, '15912': {'num_run': 0, 'core': -1}, '5132': {'num_run': 0, 'core': -1}, '14228': {'num_run': 0, 'core': -1}, '12928': {'num_run': 0, 'core': -1}, '17528': {'num_run': 0, 'core': -1}, '17888': {'num_run': 0, 'core': -1}, '17500': {'num_run': 0, 'core': -1}}}, 'provider': 'WebGpuExecutionProvider', 'input_type_shape': [{'int64': [1, 1]}], 'op_name': 'MemcpyFromHost', 'output_size': '8', 'node_index': '26'}

       0.085 ms  Memcpy_kernel_time
    category: Node
    args: {'provider': 'WebGpuExecutionProvider', 'parameter_size': '0', 'op_name': 'MemcpyFromHost', 'input_type_shape': [{'int64': [1, 1]}], 'output_type_shape': [{'int64': [1, 1]}], 'node_index': '26', 'output_size': '8', 'thread_scheduling_stats': {'main_thread': {'thread_pool_name': 'session-3-intra-op', 'thread_id': '7420', 'block_size': [], 'core': 0, 'Distribution': 0, 'DistributionEnqueue': 0, 'Run': 0, 'Wait': 0, 'WaitRevoke': 0}, 'sub_threads': {'15608': {'num_run': 0, 'core': -1}, '7876': {'num_run': 0, 'core': -1}, '16020': {'num_run': 0, 'core': -1}, '11772': {'num_run': 0, 'core': -1}, '7348': {'num_run': 0, 'core': -1}, '8144': {'num_run': 0, 'core': -1}, '15672': {'num_run': 0, 'core': -1}, '5464': {'num_run': 0, 'core': -1}, '15912': {'num_run': 0, 'core': -1}, '5132': {'num_run': 0, 'core': -1}, '14228': {'num_run': 0, 'core': -1}, '12928': {'num_run': 0, 'core': -1}, '17528': {'num_run': 0, 'core': -1}, '17888': {'num_run': 0, 'core': -1}, '17500': {'num_run': 0, 'core': -1}}}, 'activation_size': '8'}

       0.094 ms  Memcpy_kernel_time
    category: Node
    args: {'output_type_shape': [{'int64': [1, 1]}], 'provider': 'WebGpuExecutionProvider', 'input_type_shape': [{'int64': [1, 1]}], 'thread_scheduling_stats': {'main_thread': {'thread_pool_name': 'session-3-intra-op', 'thread_id': '7420', 'block_size': [], 'core': 0, 'Distribution': 0, 'DistributionEnqueue': 0, 'Run': 0, 'Wait': 0, 'WaitRevoke': 0}, 'sub_threads': {'15608': {'num_run': 0, 'core': -1}, '7876': {'num_run': 0, 'core': -1}, '16020': {'num_run': 0, 'core': -1}, '11772': {'num_run': 0, 'core': -1}, '7348': {'num_run': 0, 'core': -1}, '8144': {'num_run': 0, 'core': -1}, '15672': {'num_run': 0, 'core': -1}, '5464': {'num_run': 0, 'core': -1}, '15912': {'num_run': 0, 'core': -1}, '5132': {'num_run': 0, 'core': -1}, '14228': {'num_run': 0, 'core': -1}, '12928': {'num_run': 0, 'core': -1}, '17528': {'num_run': 0, 'core': -1}, '17888': {'num_run': 0, 'core': -1}, '17500': {'num_run': 0, 'core': -1}}}, 'op_name': 'MemcpyFromHost', 'activation_size': '8', 'parameter_size': '0', 'output_size': '8', 'node_index': '26'}

       0.096 ms  Memcpy_kernel_time
    category: Node
    args: {'op_name': 'MemcpyFromHost', 'input_type_shape': [{'int64': [1, 1]}], 'output_type_shape': [{'int64': [1, 1]}], 'node_index': '26', 'output_size': '8', 'provider': 'WebGpuExecutionProvider', 'activation_size': '8', 'thread_scheduling_stats': {'main_thread': {'thread_pool_name': 'session-3-intra-op', 'thread_id': '7420', 'block_size': [], 'core': 0, 'Distribution': 0, 'DistributionEnqueue': 0, 'Run': 0, 'Wait': 0, 'WaitRevoke': 0}, 'sub_threads': {'15608': {'num_run': 0, 'core': -1}, '7876': {'num_run': 0, 'core': -1}, '16020': {'num_run': 0, 'core': -1}, '11772': {'num_run': 0, 'core': -1}, '7348': {'num_run': 0, 'core': -1}, '8144': {'num_run': 0, 'core': -1}, '15672': {'num_run': 0, 'core': -1}, '5464': {'num_run': 0, 'core': -1}, '15912': {'num_run': 0, 'core': -1}, '5132': {'num_run': 0, 'core': -1}, '14228': {'num_run': 0, 'core': -1}, '12928': {'num_run': 0, 'core': -1}, '17528': {'num_run': 0, 'core': -1}, '17888': {'num_run': 0, 'core': -1}, '17500': {'num_run': 0, 'core': -1}}}, 'parameter_size': '0'}

       0.133 ms  Memcpy_kernel_time
    category: Node
    args: {'activation_size': '8', 'input_type_shape': [{'int64': [1, 1]}], 'parameter_size': '0', 'output_size': '8', 'node_index': '26', 'output_type_shape': [{'int64': [1, 1]}], 'op_name': 'MemcpyFromHost', 'thread_scheduling_stats': {'main_thread': {'thread_pool_name': 'session-3-intra-op', 'thread_id': '7420', 'block_size': [], 'core': 0, 'Distribution': 0, 'DistributionEnqueue': 0, 'Run': 0, 'Wait': 0, 'WaitRevoke': 0}, 'sub_threads': {'15608': {'num_run': 0, 'core': -1}, '7876': {'num_run': 0, 'core': -1}, '16020': {'num_run': 0, 'core': -1}, '11772': {'num_run': 0, 'core': -1}, '7348': {'num_run': 0, 'core': -1}, '8144': {'num_run': 0, 'core': -1}, '15672': {'num_run': 0, 'core': -1}, '5464': {'num_run': 0, 'core': -1}, '15912': {'num_run': 0, 'core': -1}, '5132': {'num_run': 0, 'core': -1}, '14228': {'num_run': 0, 'core': -1}, '12928': {'num_run': 0, 'core': -1}, '17528': {'num_run': 0, 'core': -1}, '17888': {'num_run': 0, 'core': -1}, '17500': {'num_run': 0, 'core': -1}}}, 'provider': 'WebGpuExecutionProvider'}

       0.127 ms  Memcpy_kernel_time
    category: Node
    args: {'output_size': '8', 'parameter_size': '0', 'provider': 'WebGpuExecutionProvider', 'input_type_shape': [{'int64': [1, 1]}], 'output_type_shape': [{'int64': [1, 1]}], 'thread_scheduling_stats': {'main_thread': {'thread_pool_name': 'session-3-intra-op', 'thread_id': '7420', 'block_size': [], 'core': 0, 'Distribution': 0, 'DistributionEnqueue': 0, 'Run': 0, 'Wait': 0, 'WaitRevoke': 0}, 'sub_threads': {'15608': {'num_run': 0, 'core': -1}, '7876': {'num_run': 0, 'core': -1}, '16020': {'num_run': 0, 'core': -1}, '11772': {'num_run': 0, 'core': -1}, '7348': {'num_run': 0, 'core': -1}, '8144': {'num_run': 0, 'core': -1}, '15672': {'num_run': 0, 'core': -1}, '5464': {'num_run': 0, 'core': -1}, '15912': {'num_run': 0, 'core': -1}, '5132': {'num_run': 0, 'core': -1}, '14228': {'num_run': 0, 'core': -1}, '12928': {'num_run': 0, 'core': -1}, '17528': {'num_run': 0, 'core': -1}, '17888': {'num_run': 0, 'core': -1}, '17500': {'num_run': 0, 'core': -1}}}, 'op_name': 'MemcpyFromHost', 'node_index': '26', 'activation_size': '8'}

       0.094 ms  Memcpy_kernel_time
    category: Node
    args: {'provider': 'WebGpuExecutionProvider', 'output_size': '8', 'input_type_shape': [{'int64': [1, 1]}], 'output_type_shape': [{'int64': [1, 1]}], 'activation_size': '8', 'op_name': 'MemcpyFromHost', 'thread_scheduling_stats': {'main_thread': {'thread_pool_name': 'session-3-intra-op', 'thread_id': '7420', 'block_size': [], 'core': 0, 'Distribution': 0, 'DistributionEnqueue': 0, 'Run': 0, 'Wait': 0, 'WaitRevoke': 0}, 'sub_threads': {'15608': {'num_run': 0, 'core': -1}, '7876': {'num_run': 0, 'core': -1}, '16020': {'num_run': 0, 'core': -1}, '11772': {'num_run': 0, 'core': -1}, '7348': {'num_run': 0, 'core': -1}, '8144': {'num_run': 0, 'core': -1}, '15672': {'num_run': 0, 'core': -1}, '5464': {'num_run': 0, 'core': -1}, '15912': {'num_run': 0, 'core': -1}, '5132': {'num_run': 0, 'core': -1}, '14228': {'num_run': 0, 'core': -1}, '12928': {'num_run': 0, 'core': -1}, '17528': {'num_run': 0, 'core': -1}, '17888': {'num_run': 0, 'core': -1}, '17500': {'num_run': 0, 'core': -1}}}, 'parameter_size': '0', 'node_index': '26'}

       0.095 ms  Memcpy_kernel_time
    category: Node
    args: {'thread_scheduling_stats': {'main_thread': {'thread_pool_name': 'session-3-intra-op', 'thread_id': '7420', 'block_size': [], 'core': 0, 'Distribution': 0, 'DistributionEnqueue': 0, 'Run': 0, 'Wait': 0, 'WaitRevoke': 0}, 'sub_threads': {'15608': {'num_run': 0, 'core': -1}, '7876': {'num_run': 0, 'core': -1}, '16020': {'num_run': 0, 'core': -1}, '11772': {'num_run': 0, 'core': -1}, '7348': {'num_run': 0, 'core': -1}, '8144': {'num_run': 0, 'core': -1}, '15672': {'num_run': 0, 'core': -1}, '5464': {'num_run': 0, 'core': -1}, '15912': {'num_run': 0, 'core': -1}, '5132': {'num_run': 0, 'core': -1}, '14228': {'num_run': 0, 'core': -1}, '12928': {'num_run': 0, 'core': -1}, '17528': {'num_run': 0, 'core': -1}, '17888': {'num_run': 0, 'core': -1}, '17500': {'num_run': 0, 'core': -1}}}, 'output_size': '8', 'output_type_shape': [{'int64': [1, 1]}], 'input_type_shape': [{'int64': [1, 1]}], 'parameter_size': '0', 'activation_size': '8', 'provider': 'WebGpuExecutionProvider', 'op_name': 'MemcpyFromHost', 'node_index': '26'}

       0.117 ms  Memcpy_kernel_time
    category: Node
    args: {'parameter_size': '0', 'input_type_shape': [{'int64': [1, 1]}], 'activation_size': '8', 'op_name': 'MemcpyFromHost', 'thread_scheduling_stats': {'main_thread': {'thread_pool_name': 'session-3-intra-op', 'thread_id': '7420', 'block_size': [], 'core': 0, 'Distribution': 0, 'DistributionEnqueue': 0, 'Run': 0, 'Wait': 0, 'WaitRevoke': 0}, 'sub_threads': {'15608': {'num_run': 0, 'core': -1}, '7876': {'num_run': 0, 'core': -1}, '16020': {'num_run': 0, 'core': -1}, '11772': {'num_run': 0, 'core': -1}, '7348': {'num_run': 0, 'core': -1}, '8144': {'num_run': 0, 'core': -1}, '15672': {'num_run': 0, 'core': -1}, '5464': {'num_run': 0, 'core': -1}, '15912': {'num_run': 0, 'core': -1}, '5132': {'num_run': 0, 'core': -1}, '14228': {'num_run': 0, 'core': -1}, '12928': {'num_run': 0, 'core': -1}, '17528': {'num_run': 0, 'core': -1}, '17888': {'num_run': 0, 'core': -1}, '17500': {'num_run': 0, 'core': -1}}}, 'output_size': '8', 'provider': 'WebGpuExecutionProvider', 'node_index': '26', 'output_type_shape': [{'int64': [1, 1]}]}

       0.071 ms  Memcpy_kernel_time
    category: Node
    args: {'output_size': '8', 'activation_size': '8', 'thread_scheduling_stats': {'main_thread': {'thread_pool_name': 'session-3-intra-op', 'thread_id': '7420', 'block_size': [], 'core': 0, 'Distribution': 0, 'DistributionEnqueue': 0, 'Run': 0, 'Wait': 0, 'WaitRevoke': 0}, 'sub_threads': {'15608': {'num_run': 0, 'core': -1}, '7876': {'num_run': 0, 'core': -1}, '16020': {'num_run': 0, 'core': -1}, '11772': {'num_run': 0, 'core': -1}, '7348': {'num_run': 0, 'core': -1}, '8144': {'num_run': 0, 'core': -1}, '15672': {'num_run': 0, 'core': -1}, '5464': {'num_run': 0, 'core': -1}, '15912': {'num_run': 0, 'core': -1}, '5132': {'num_run': 0, 'core': -1}, '14228': {'num_run': 0, 'core': -1}, '12928': {'num_run': 0, 'core': -1}, '17528': {'num_run': 0, 'core': -1}, '17888': {'num_run': 0, 'core': -1}, '17500': {'num_run': 0, 'core': -1}}}, 'op_name': 'MemcpyFromHost', 'provider': 'WebGpuExecutionProvider', 'node_index': '26', 'parameter_size': '0', 'output_type_shape': [{'int64': [1, 1]}], 'input_type_shape': [{'int64': [1, 1]}]}

       0.094 ms  Memcpy_kernel_time
    category: Node
    args: {'thread_scheduling_stats': {'main_thread': {'thread_pool_name': 'session-3-intra-op', 'thread_id': '7420', 'block_size': [], 'core': 0, 'Distribution': 0, 'DistributionEnqueue': 0, 'Run': 0, 'Wait': 0, 'WaitRevoke': 0}, 'sub_threads': {'15608': {'num_run': 0, 'core': -1}, '7876': {'num_run': 0, 'core': -1}, '16020': {'num_run': 0, 'core': -1}, '11772': {'num_run': 0, 'core': -1}, '7348': {'num_run': 0, 'core': -1}, '8144': {'num_run': 0, 'core': -1}, '15672': {'num_run': 0, 'core': -1}, '5464': {'num_run': 0, 'core': -1}, '15912': {'num_run': 0, 'core': -1}, '5132': {'num_run': 0, 'core': -1}, '14228': {'num_run': 0, 'core': -1}, '12928': {'num_run': 0, 'core': -1}, '17528': {'num_run': 0, 'core': -1}, '17888': {'num_run': 0, 'core': -1}, '17500': {'num_run': 0, 'core': -1}}}, 'input_type_shape': [{'int64': [1, 1]}], 'output_size': '8', 'activation_size': '8', 'parameter_size': '0', 'op_name': 'MemcpyFromHost', 'node_index': '26', 'output_type_shape': [{'int64': [1, 1]}], 'provider': 'WebGpuExecutionProvider'}

       0.140 ms  Memcpy_kernel_time
    category: Node
    args: {'parameter_size': '0', 'node_index': '26', 'output_size': '8', 'op_name': 'MemcpyFromHost', 'input_type_shape': [{'int64': [1, 1]}], 'output_type_shape': [{'int64': [1, 1]}], 'provider': 'WebGpuExecutionProvider', 'activation_size': '8', 'thread_scheduling_stats': {'main_thread': {'thread_pool_name': 'session-3-intra-op', 'thread_id': '7420', 'block_size': [], 'core': 0, 'Distribution': 0, 'DistributionEnqueue': 0, 'Run': 0, 'Wait': 0, 'WaitRevoke': 0}, 'sub_threads': {'15608': {'num_run': 0, 'core': -1}, '7876': {'num_run': 0, 'core': -1}, '16020': {'num_run': 0, 'core': -1}, '11772': {'num_run': 0, 'core': -1}, '7348': {'num_run': 0, 'core': -1}, '8144': {'num_run': 0, 'core': -1}, '15672': {'num_run': 0, 'core': -1}, '5464': {'num_run': 0, 'core': -1}, '15912': {'num_run': 0, 'core': -1}, '5132': {'num_run': 0, 'core': -1}, '14228': {'num_run': 0, 'core': -1}, '12928': {'num_run': 0, 'core': -1}, '17528': {'num_run': 0, 'core': -1}, '17888': {'num_run': 0, 'core': -1}, '17500': {'num_run': 0, 'core': -1}}}}

       0.091 ms  Memcpy_kernel_time
    category: Node
    args: {'parameter_size': '0', 'output_size': '8', 'activation_size': '8', 'input_type_shape': [{'int64': [1, 1]}], 'thread_scheduling_stats': {'main_thread': {'thread_pool_name': 'session-3-intra-op', 'thread_id': '7420', 'block_size': [], 'core': 0, 'Distribution': 0, 'DistributionEnqueue': 0, 'Run': 0, 'Wait': 0, 'WaitRevoke': 0}, 'sub_threads': {'15608': {'num_run': 0, 'core': -1}, '7876': {'num_run': 0, 'core': -1}, '16020': {'num_run': 0, 'core': -1}, '11772': {'num_run': 0, 'core': -1}, '7348': {'num_run': 0, 'core': -1}, '8144': {'num_run': 0, 'core': -1}, '15672': {'num_run': 0, 'core': -1}, '5464': {'num_run': 0, 'core': -1}, '15912': {'num_run': 0, 'core': -1}, '5132': {'num_run': 0, 'core': -1}, '14228': {'num_run': 0, 'core': -1}, '12928': {'num_run': 0, 'core': -1}, '17528': {'num_run': 0, 'core': -1}, '17888': {'num_run': 0, 'core': -1}, '17500': {'num_run': 0, 'core': -1}}}, 'provider': 'WebGpuExecutionProvider', 'op_name': 'MemcpyFromHost', 'output_type_shape': [{'int64': [1, 1]}], 'node_index': '26'}

       0.119 ms  Memcpy_kernel_time
    category: Node
    args: {'provider': 'WebGpuExecutionProvider', 'thread_scheduling_stats': {'main_thread': {'thread_pool_name': 'session-3-intra-op', 'thread_id': '7420', 'block_size': [], 'core': 0, 'Distribution': 0, 'DistributionEnqueue': 0, 'Run': 0, 'Wait': 0, 'WaitRevoke': 0}, 'sub_threads': {'15608': {'num_run': 0, 'core': -1}, '7876': {'num_run': 0, 'core': -1}, '16020': {'num_run': 0, 'core': -1}, '11772': {'num_run': 0, 'core': -1}, '7348': {'num_run': 0, 'core': -1}, '8144': {'num_run': 0, 'core': -1}, '15672': {'num_run': 0, 'core': -1}, '5464': {'num_run': 0, 'core': -1}, '15912': {'num_run': 0, 'core': -1}, '5132': {'num_run': 0, 'core': -1}, '14228': {'num_run': 0, 'core': -1}, '12928': {'num_run': 0, 'core': -1}, '17528': {'num_run': 0, 'core': -1}, '17888': {'num_run': 0, 'core': -1}, '17500': {'num_run': 0, 'core': -1}}}, 'node_index': '26', 'op_name': 'MemcpyFromHost', 'input_type_shape': [{'int64': [1, 1]}], 'parameter_size': '0', 'output_size': '8', 'output_type_shape': [{'int64': [1, 1]}], 'activation_size': '8'}

       0.116 ms  Memcpy_kernel_time
    category: Node
    args: {'parameter_size': '0', 'node_index': '26', 'input_type_shape': [{'int64': [1, 1]}], 'provider': 'WebGpuExecutionProvider', 'output_size': '8', 'activation_size': '8', 'output_type_shape': [{'int64': [1, 1]}], 'thread_scheduling_stats': {'main_thread': {'thread_pool_name': 'session-3-intra-op', 'thread_id': '7420', 'block_size': [], 'core': 0, 'Distribution': 0, 'DistributionEnqueue': 0, 'Run': 0, 'Wait': 0, 'WaitRevoke': 0}, 'sub_threads': {'15608': {'num_run': 0, 'core': -1}, '7876': {'num_run': 0, 'core': -1}, '16020': {'num_run': 0, 'core': -1}, '11772': {'num_run': 0, 'core': -1}, '7348': {'num_run': 0, 'core': -1}, '8144': {'num_run': 0, 'core': -1}, '15672': {'num_run': 0, 'core': -1}, '5464': {'num_run': 0, 'core': -1}, '15912': {'num_run': 0, 'core': -1}, '5132': {'num_run': 0, 'core': -1}, '14228': {'num_run': 0, 'core': -1}, '12928': {'num_run': 0, 'core': -1}, '17528': {'num_run': 0, 'core': -1}, '17888': {'num_run': 0, 'core': -1}, '17500': {'num_run': 0, 'core': -1}}}, 'op_name': 'MemcpyFromHost'}

       0.116 ms  Memcpy_kernel_time
    category: Node
    args: {'output_type_shape': [{'int64': [1, 1]}], 'thread_scheduling_stats': {'main_thread': {'thread_pool_name': 'session-3-intra-op', 'thread_id': '7420', 'block_size': [], 'core': 0, 'Distribution': 0, 'DistributionEnqueue': 0, 'Run': 0, 'Wait': 0, 'WaitRevoke': 0}, 'sub_threads': {'15608': {'num_run': 0, 'core': -1}, '7876': {'num_run': 0, 'core': -1}, '16020': {'num_run': 0, 'core': -1}, '11772': {'num_run': 0, 'core': -1}, '7348': {'num_run': 0, 'core': -1}, '8144': {'num_run': 0, 'core': -1}, '15672': {'num_run': 0, 'core': -1}, '5464': {'num_run': 0, 'core': -1}, '15912': {'num_run': 0, 'core': -1}, '5132': {'num_run': 0, 'core': -1}, '14228': {'num_run': 0, 'core': -1}, '12928': {'num_run': 0, 'core': -1}, '17528': {'num_run': 0, 'core': -1}, '17888': {'num_run': 0, 'core': -1}, '17500': {'num_run': 0, 'core': -1}}}, 'parameter_size': '0', 'op_name': 'MemcpyFromHost', 'provider': 'WebGpuExecutionProvider', 'output_size': '8', 'activation_size': '8', 'node_index': '26', 'input_type_shape': [{'int64': [1, 1]}]}

       0.119 ms  Memcpy_kernel_time
    category: Node
    args: {'thread_scheduling_stats': {'main_thread': {'thread_pool_name': 'session-3-intra-op', 'thread_id': '7420', 'block_size': [], 'core': 0, 'Distribution': 0, 'DistributionEnqueue': 0, 'Run': 0, 'Wait': 0, 'WaitRevoke': 0}, 'sub_threads': {'15608': {'num_run': 0, 'core': -1}, '7876': {'num_run': 0, 'core': -1}, '16020': {'num_run': 0, 'core': -1}, '11772': {'num_run': 0, 'core': -1}, '7348': {'num_run': 0, 'core': -1}, '8144': {'num_run': 0, 'core': -1}, '15672': {'num_run': 0, 'core': -1}, '5464': {'num_run': 0, 'core': -1}, '15912': {'num_run': 0, 'core': -1}, '5132': {'num_run': 0, 'core': -1}, '14228': {'num_run': 0, 'core': -1}, '12928': {'num_run': 0, 'core': -1}, '17528': {'num_run': 0, 'core': -1}, '17888': {'num_run': 0, 'core': -1}, '17500': {'num_run': 0, 'core': -1}}}, 'provider': 'WebGpuExecutionProvider', 'input_type_shape': [{'int64': [1, 1]}], 'activation_size': '8', 'output_type_shape': [{'int64': [1, 1]}], 'output_size': '8', 'parameter_size': '0', 'node_index': '26', 'op_name': 'MemcpyFromHost'}

       0.124 ms  Memcpy_kernel_time
    category: Node
    args: {'parameter_size': '0', 'activation_size': '8', 'provider': 'WebGpuExecutionProvider', 'thread_scheduling_stats': {'main_thread': {'thread_pool_name': 'session-3-intra-op', 'thread_id': '7420', 'block_size': [], 'core': 0, 'Distribution': 0, 'DistributionEnqueue': 0, 'Run': 0, 'Wait': 0, 'WaitRevoke': 0}, 'sub_threads': {'15608': {'num_run': 0, 'core': -1}, '7876': {'num_run': 0, 'core': -1}, '16020': {'num_run': 0, 'core': -1}, '11772': {'num_run': 0, 'core': -1}, '7348': {'num_run': 0, 'core': -1}, '8144': {'num_run': 0, 'core': -1}, '15672': {'num_run': 0, 'core': -1}, '5464': {'num_run': 0, 'core': -1}, '15912': {'num_run': 0, 'core': -1}, '5132': {'num_run': 0, 'core': -1}, '14228': {'num_run': 0, 'core': -1}, '12928': {'num_run': 0, 'core': -1}, '17528': {'num_run': 0, 'core': -1}, '17888': {'num_run': 0, 'core': -1}, '17500': {'num_run': 0, 'core': -1}}}, 'output_type_shape': [{'int64': [1, 1]}], 'output_size': '8', 'input_type_shape': [{'int64': [1, 1]}], 'op_name': 'MemcpyFromHost', 'node_index': '26'}

       0.107 ms  Memcpy_kernel_time
    category: Node
    args: {'thread_scheduling_stats': {'main_thread': {'thread_pool_name': 'session-3-intra-op', 'thread_id': '7420', 'block_size': [], 'core': 0, 'Distribution': 0, 'DistributionEnqueue': 0, 'Run': 0, 'Wait': 0, 'WaitRevoke': 0}, 'sub_threads': {'15608': {'num_run': 0, 'core': -1}, '7876': {'num_run': 0, 'core': -1}, '16020': {'num_run': 0, 'core': -1}, '11772': {'num_run': 0, 'core': -1}, '7348': {'num_run': 0, 'core': -1}, '8144': {'num_run': 0, 'core': -1}, '15672': {'num_run': 0, 'core': -1}, '5464': {'num_run': 0, 'core': -1}, '15912': {'num_run': 0, 'core': -1}, '5132': {'num_run': 0, 'core': -1}, '14228': {'num_run': 0, 'core': -1}, '12928': {'num_run': 0, 'core': -1}, '17528': {'num_run': 0, 'core': -1}, '17888': {'num_run': 0, 'core': -1}, '17500': {'num_run': 0, 'core': -1}}}, 'activation_size': '8', 'node_index': '26', 'op_name': 'MemcpyFromHost', 'input_type_shape': [{'int64': [1, 1]}], 'parameter_size': '0', 'output_size': '8', 'provider': 'WebGpuExecutionProvider', 'output_type_shape': [{'int64': [1, 1]}]}

       0.123 ms  Memcpy_kernel_time
    category: Node
    args: {'thread_scheduling_stats': {'main_thread': {'thread_pool_name': 'session-3-intra-op', 'thread_id': '7420', 'block_size': [], 'core': 0, 'Distribution': 0, 'DistributionEnqueue': 0, 'Run': 0, 'Wait': 0, 'WaitRevoke': 0}, 'sub_threads': {'15608': {'num_run': 0, 'core': -1}, '7876': {'num_run': 0, 'core': -1}, '16020': {'num_run': 0, 'core': -1}, '11772': {'num_run': 0, 'core': -1}, '7348': {'num_run': 0, 'core': -1}, '8144': {'num_run': 0, 'core': -1}, '15672': {'num_run': 0, 'core': -1}, '5464': {'num_run': 0, 'core': -1}, '15912': {'num_run': 0, 'core': -1}, '5132': {'num_run': 0, 'core': -1}, '14228': {'num_run': 0, 'core': -1}, '12928': {'num_run': 0, 'core': -1}, '17528': {'num_run': 0, 'core': -1}, '17888': {'num_run': 0, 'core': -1}, '17500': {'num_run': 0, 'core': -1}}}, 'node_index': '26', 'parameter_size': '0', 'op_name': 'MemcpyFromHost', 'input_type_shape': [{'int64': [1, 1]}], 'output_size': '8', 'output_type_shape': [{'int64': [1, 1]}], 'activation_size': '8', 'provider': 'WebGpuExecutionProvider'}

       0.165 ms  Memcpy_kernel_time
    category: Node
    args: {'op_name': 'MemcpyFromHost', 'input_type_shape': [{'int64': [1, 1]}], 'activation_size': '8', 'output_size': '8', 'output_type_shape': [{'int64': [1, 1]}], 'node_index': '26', 'thread_scheduling_stats': {'main_thread': {'thread_pool_name': 'session-3-intra-op', 'thread_id': '7420', 'block_size': [], 'core': 0, 'Distribution': 0, 'DistributionEnqueue': 0, 'Run': 0, 'Wait': 0, 'WaitRevoke': 0}, 'sub_threads': {'15608': {'num_run': 0, 'core': -1}, '7876': {'num_run': 0, 'core': -1}, '16020': {'num_run': 0, 'core': -1}, '11772': {'num_run': 0, 'core': -1}, '7348': {'num_run': 0, 'core': -1}, '8144': {'num_run': 0, 'core': -1}, '15672': {'num_run': 0, 'core': -1}, '5464': {'num_run': 0, 'core': -1}, '15912': {'num_run': 0, 'core': -1}, '5132': {'num_run': 0, 'core': -1}, '14228': {'num_run': 0, 'core': -1}, '12928': {'num_run': 0, 'core': -1}, '17528': {'num_run': 0, 'core': -1}, '17888': {'num_run': 0, 'core': -1}, '17500': {'num_run': 0, 'core': -1}}}, 'parameter_size': '0', 'provider': 'WebGpuExecutionProvider'}

       0.104 ms  Memcpy_kernel_time
    category: Node
    args: {'output_size': '8', 'node_index': '26', 'op_name': 'MemcpyFromHost', 'output_type_shape': [{'int64': [1, 1]}], 'thread_scheduling_stats': {'main_thread': {'thread_pool_name': 'session-3-intra-op', 'thread_id': '7420', 'block_size': [], 'core': 0, 'Distribution': 0, 'DistributionEnqueue': 0, 'Run': 0, 'Wait': 0, 'WaitRevoke': 0}, 'sub_threads': {'15608': {'num_run': 0, 'core': -1}, '7876': {'num_run': 0, 'core': -1}, '16020': {'num_run': 0, 'core': -1}, '11772': {'num_run': 0, 'core': -1}, '7348': {'num_run': 0, 'core': -1}, '8144': {'num_run': 0, 'core': -1}, '15672': {'num_run': 0, 'core': -1}, '5464': {'num_run': 0, 'core': -1}, '15912': {'num_run': 0, 'core': -1}, '5132': {'num_run': 0, 'core': -1}, '14228': {'num_run': 0, 'core': -1}, '12928': {'num_run': 0, 'core': -1}, '17528': {'num_run': 0, 'core': -1}, '17888': {'num_run': 0, 'core': -1}, '17500': {'num_run': 0, 'core': -1}}}, 'activation_size': '8', 'parameter_size': '0', 'provider': 'WebGpuExecutionProvider', 'input_type_shape': [{'int64': [1, 1]}]}

       0.102 ms  Memcpy_kernel_time
    category: Node
    args: {'provider': 'WebGpuExecutionProvider', 'node_index': '26', 'output_type_shape': [{'int64': [1, 1]}], 'parameter_size': '0', 'activation_size': '8', 'input_type_shape': [{'int64': [1, 1]}], 'op_name': 'MemcpyFromHost', 'thread_scheduling_stats': {'main_thread': {'thread_pool_name': 'session-3-intra-op', 'thread_id': '7420', 'block_size': [], 'core': 0, 'Distribution': 0, 'DistributionEnqueue': 0, 'Run': 0, 'Wait': 0, 'WaitRevoke': 0}, 'sub_threads': {'15608': {'num_run': 0, 'core': -1}, '7876': {'num_run': 0, 'core': -1}, '16020': {'num_run': 0, 'core': -1}, '11772': {'num_run': 0, 'core': -1}, '7348': {'num_run': 0, 'core': -1}, '8144': {'num_run': 0, 'core': -1}, '15672': {'num_run': 0, 'core': -1}, '5464': {'num_run': 0, 'core': -1}, '15912': {'num_run': 0, 'core': -1}, '5132': {'num_run': 0, 'core': -1}, '14228': {'num_run': 0, 'core': -1}, '12928': {'num_run': 0, 'core': -1}, '17528': {'num_run': 0, 'core': -1}, '17888': {'num_run': 0, 'core': -1}, '17500': {'num_run': 0, 'core': -1}}}, 'output_size': '8'}

       0.103 ms  Memcpy_kernel_time
    category: Node
    args: {'output_type_shape': [{'int64': [1, 1]}], 'op_name': 'MemcpyFromHost', 'output_size': '8', 'input_type_shape': [{'int64': [1, 1]}], 'parameter_size': '0', 'node_index': '26', 'activation_size': '8', 'thread_scheduling_stats': {'main_thread': {'thread_pool_name': 'session-3-intra-op', 'thread_id': '7420', 'block_size': [], 'core': 0, 'Distribution': 0, 'DistributionEnqueue': 0, 'Run': 0, 'Wait': 0, 'WaitRevoke': 0}, 'sub_threads': {'15608': {'num_run': 0, 'core': -1}, '7876': {'num_run': 0, 'core': -1}, '16020': {'num_run': 0, 'core': -1}, '11772': {'num_run': 0, 'core': -1}, '7348': {'num_run': 0, 'core': -1}, '8144': {'num_run': 0, 'core': -1}, '15672': {'num_run': 0, 'core': -1}, '5464': {'num_run': 0, 'core': -1}, '15912': {'num_run': 0, 'core': -1}, '5132': {'num_run': 0, 'core': -1}, '14228': {'num_run': 0, 'core': -1}, '12928': {'num_run': 0, 'core': -1}, '17528': {'num_run': 0, 'core': -1}, '17888': {'num_run': 0, 'core': -1}, '17500': {'num_run': 0, 'core': -1}}}, 'provider': 'WebGpuExecutionProvider'}

       0.102 ms  Memcpy_kernel_time
    category: Node
    args: {'parameter_size': '0', 'output_size': '8', 'provider': 'WebGpuExecutionProvider', 'thread_scheduling_stats': {'main_thread': {'thread_pool_name': 'session-3-intra-op', 'thread_id': '7420', 'block_size': [], 'core': 0, 'Distribution': 0, 'DistributionEnqueue': 0, 'Run': 0, 'Wait': 0, 'WaitRevoke': 0}, 'sub_threads': {'15608': {'num_run': 0, 'core': -1}, '7876': {'num_run': 0, 'core': -1}, '16020': {'num_run': 0, 'core': -1}, '11772': {'num_run': 0, 'core': -1}, '7348': {'num_run': 0, 'core': -1}, '8144': {'num_run': 0, 'core': -1}, '15672': {'num_run': 0, 'core': -1}, '5464': {'num_run': 0, 'core': -1}, '15912': {'num_run': 0, 'core': -1}, '5132': {'num_run': 0, 'core': -1}, '14228': {'num_run': 0, 'core': -1}, '12928': {'num_run': 0, 'core': -1}, '17528': {'num_run': 0, 'core': -1}, '17888': {'num_run': 0, 'core': -1}, '17500': {'num_run': 0, 'core': -1}}}, 'op_name': 'MemcpyFromHost', 'input_type_shape': [{'int64': [1, 1]}], 'activation_size': '8', 'output_type_shape': [{'int64': [1, 1]}], 'node_index': '26'}

       0.098 ms  Memcpy_kernel_time
    category: Node
    args: {'node_index': '26', 'activation_size': '8', 'parameter_size': '0', 'output_type_shape': [{'int64': [1, 1]}], 'provider': 'WebGpuExecutionProvider', 'output_size': '8', 'op_name': 'MemcpyFromHost', 'input_type_shape': [{'int64': [1, 1]}], 'thread_scheduling_stats': {'main_thread': {'thread_pool_name': 'session-3-intra-op', 'thread_id': '7420', 'block_size': [], 'core': 0, 'Distribution': 0, 'DistributionEnqueue': 0, 'Run': 0, 'Wait': 0, 'WaitRevoke': 0}, 'sub_threads': {'15608': {'num_run': 0, 'core': -1}, '7876': {'num_run': 0, 'core': -1}, '16020': {'num_run': 0, 'core': -1}, '11772': {'num_run': 0, 'core': -1}, '7348': {'num_run': 0, 'core': -1}, '8144': {'num_run': 0, 'core': -1}, '15672': {'num_run': 0, 'core': -1}, '5464': {'num_run': 0, 'core': -1}, '15912': {'num_run': 0, 'core': -1}, '5132': {'num_run': 0, 'core': -1}, '14228': {'num_run': 0, 'core': -1}, '12928': {'num_run': 0, 'core': -1}, '17528': {'num_run': 0, 'core': -1}, '17888': {'num_run': 0, 'core': -1}, '17500': {'num_run': 0, 'core': -1}}}}

       0.098 ms  Memcpy_kernel_time
    category: Node
    args: {'input_type_shape': [{'int64': [1, 1]}], 'output_type_shape': [{'int64': [1, 1]}], 'output_size': '8', 'parameter_size': '0', 'provider': 'WebGpuExecutionProvider', 'thread_scheduling_stats': {'main_thread': {'thread_pool_name': 'session-3-intra-op', 'thread_id': '7420', 'block_size': [], 'core': 0, 'Distribution': 0, 'DistributionEnqueue': 0, 'Run': 0, 'Wait': 0, 'WaitRevoke': 0}, 'sub_threads': {'15608': {'num_run': 0, 'core': -1}, '7876': {'num_run': 0, 'core': -1}, '16020': {'num_run': 0, 'core': -1}, '11772': {'num_run': 0, 'core': -1}, '7348': {'num_run': 0, 'core': -1}, '8144': {'num_run': 0, 'core': -1}, '15672': {'num_run': 0, 'core': -1}, '5464': {'num_run': 0, 'core': -1}, '15912': {'num_run': 0, 'core': -1}, '5132': {'num_run': 0, 'core': -1}, '14228': {'num_run': 0, 'core': -1}, '12928': {'num_run': 0, 'core': -1}, '17528': {'num_run': 0, 'core': -1}, '17888': {'num_run': 0, 'core': -1}, '17500': {'num_run': 0, 'core': -1}}}, 'op_name': 'MemcpyFromHost', 'activation_size': '8', 'node_index': '26'}

       0.262 ms  Memcpy_kernel_time
    category: Node
    args: {'input_type_shape': [{'int64': [1, 1]}], 'provider': 'WebGpuExecutionProvider', 'parameter_size': '0', 'activation_size': '8', 'output_type_shape': [{'int64': [1, 1]}], 'node_index': '26', 'output_size': '8', 'thread_scheduling_stats': {'main_thread': {'thread_pool_name': 'session-3-intra-op', 'thread_id': '7420', 'block_size': [], 'core': 0, 'Distribution': 0, 'DistributionEnqueue': 0, 'Run': 0, 'Wait': 0, 'WaitRevoke': 0}, 'sub_threads': {'15608': {'num_run': 0, 'core': -1}, '7876': {'num_run': 0, 'core': -1}, '16020': {'num_run': 0, 'core': -1}, '11772': {'num_run': 0, 'core': -1}, '7348': {'num_run': 0, 'core': -1}, '8144': {'num_run': 0, 'core': -1}, '15672': {'num_run': 0, 'core': -1}, '5464': {'num_run': 0, 'core': -1}, '15912': {'num_run': 0, 'core': -1}, '5132': {'num_run': 0, 'core': -1}, '14228': {'num_run': 0, 'core': -1}, '12928': {'num_run': 0, 'core': -1}, '17528': {'num_run': 0, 'core': -1}, '17888': {'num_run': 0, 'core': -1}, '17500': {'num_run': 0, 'core': -1}}}, 'op_name': 'MemcpyFromHost'}

       0.104 ms  Memcpy_kernel_time
    category: Node
    args: {'output_type_shape': [{'int64': [1, 1]}], 'op_name': 'MemcpyFromHost', 'input_type_shape': [{'int64': [1, 1]}], 'node_index': '26', 'output_size': '8', 'activation_size': '8', 'provider': 'WebGpuExecutionProvider', 'parameter_size': '0', 'thread_scheduling_stats': {'main_thread': {'thread_pool_name': 'session-3-intra-op', 'thread_id': '7420', 'block_size': [], 'core': 0, 'Distribution': 0, 'DistributionEnqueue': 0, 'Run': 0, 'Wait': 0, 'WaitRevoke': 0}, 'sub_threads': {'15608': {'num_run': 0, 'core': -1}, '7876': {'num_run': 0, 'core': -1}, '16020': {'num_run': 0, 'core': -1}, '11772': {'num_run': 0, 'core': -1}, '7348': {'num_run': 0, 'core': -1}, '8144': {'num_run': 0, 'core': -1}, '15672': {'num_run': 0, 'core': -1}, '5464': {'num_run': 0, 'core': -1}, '15912': {'num_run': 0, 'core': -1}, '5132': {'num_run': 0, 'core': -1}, '14228': {'num_run': 0, 'core': -1}, '12928': {'num_run': 0, 'core': -1}, '17528': {'num_run': 0, 'core': -1}, '17888': {'num_run': 0, 'core': -1}, '17500': {'num_run': 0, 'core': -1}}}}

       0.117 ms  Memcpy_kernel_time
    category: Node
    args: {'output_size': '8', 'thread_scheduling_stats': {'main_thread': {'thread_pool_name': 'session-3-intra-op', 'thread_id': '7420', 'block_size': [], 'core': 0, 'Distribution': 0, 'DistributionEnqueue': 0, 'Run': 0, 'Wait': 0, 'WaitRevoke': 0}, 'sub_threads': {'15608': {'num_run': 0, 'core': -1}, '7876': {'num_run': 0, 'core': -1}, '16020': {'num_run': 0, 'core': -1}, '11772': {'num_run': 0, 'core': -1}, '7348': {'num_run': 0, 'core': -1}, '8144': {'num_run': 0, 'core': -1}, '15672': {'num_run': 0, 'core': -1}, '5464': {'num_run': 0, 'core': -1}, '15912': {'num_run': 0, 'core': -1}, '5132': {'num_run': 0, 'core': -1}, '14228': {'num_run': 0, 'core': -1}, '12928': {'num_run': 0, 'core': -1}, '17528': {'num_run': 0, 'core': -1}, '17888': {'num_run': 0, 'core': -1}, '17500': {'num_run': 0, 'core': -1}}}, 'op_name': 'MemcpyFromHost', 'activation_size': '8', 'input_type_shape': [{'int64': [1, 1]}], 'node_index': '26', 'output_type_shape': [{'int64': [1, 1]}], 'parameter_size': '0', 'provider': 'WebGpuExecutionProvider'}

       0.140 ms  Memcpy_kernel_time
    category: Node
    args: {'output_size': '8', 'activation_size': '8', 'op_name': 'MemcpyFromHost', 'thread_scheduling_stats': {'main_thread': {'thread_pool_name': 'session-3-intra-op', 'thread_id': '7420', 'block_size': [], 'core': 0, 'Distribution': 0, 'DistributionEnqueue': 0, 'Run': 0, 'Wait': 0, 'WaitRevoke': 0}, 'sub_threads': {'15608': {'num_run': 0, 'core': -1}, '7876': {'num_run': 0, 'core': -1}, '16020': {'num_run': 0, 'core': -1}, '11772': {'num_run': 0, 'core': -1}, '7348': {'num_run': 0, 'core': -1}, '8144': {'num_run': 0, 'core': -1}, '15672': {'num_run': 0, 'core': -1}, '5464': {'num_run': 0, 'core': -1}, '15912': {'num_run': 0, 'core': -1}, '5132': {'num_run': 0, 'core': -1}, '14228': {'num_run': 0, 'core': -1}, '12928': {'num_run': 0, 'core': -1}, '17528': {'num_run': 0, 'core': -1}, '17888': {'num_run': 0, 'core': -1}, '17500': {'num_run': 0, 'core': -1}}}, 'input_type_shape': [{'int64': [1, 1]}], 'node_index': '26', 'parameter_size': '0', 'output_type_shape': [{'int64': [1, 1]}], 'provider': 'WebGpuExecutionProvider'}

       0.097 ms  Memcpy_kernel_time
    category: Node
    args: {'parameter_size': '0', 'op_name': 'MemcpyFromHost', 'output_type_shape': [{'int64': [1, 1]}], 'activation_size': '8', 'input_type_shape': [{'int64': [1, 1]}], 'provider': 'WebGpuExecutionProvider', 'output_size': '8', 'thread_scheduling_stats': {'main_thread': {'thread_pool_name': 'session-3-intra-op', 'thread_id': '7420', 'block_size': [], 'core': 0, 'Distribution': 0, 'DistributionEnqueue': 0, 'Run': 0, 'Wait': 0, 'WaitRevoke': 0}, 'sub_threads': {'15608': {'num_run': 0, 'core': -1}, '7876': {'num_run': 0, 'core': -1}, '16020': {'num_run': 0, 'core': -1}, '11772': {'num_run': 0, 'core': -1}, '7348': {'num_run': 0, 'core': -1}, '8144': {'num_run': 0, 'core': -1}, '15672': {'num_run': 0, 'core': -1}, '5464': {'num_run': 0, 'core': -1}, '15912': {'num_run': 0, 'core': -1}, '5132': {'num_run': 0, 'core': -1}, '14228': {'num_run': 0, 'core': -1}, '12928': {'num_run': 0, 'core': -1}, '17528': {'num_run': 0, 'core': -1}, '17888': {'num_run': 0, 'core': -1}, '17500': {'num_run': 0, 'core': -1}}}, 'node_index': '26'}

       0.136 ms  Memcpy_kernel_time
    category: Node
    args: {'output_size': '8', 'thread_scheduling_stats': {'main_thread': {'thread_pool_name': 'session-3-intra-op', 'thread_id': '7420', 'block_size': [], 'core': 0, 'Distribution': 0, 'DistributionEnqueue': 0, 'Run': 0, 'Wait': 0, 'WaitRevoke': 0}, 'sub_threads': {'15608': {'num_run': 0, 'core': -1}, '7876': {'num_run': 0, 'core': -1}, '16020': {'num_run': 0, 'core': -1}, '11772': {'num_run': 0, 'core': -1}, '7348': {'num_run': 0, 'core': -1}, '8144': {'num_run': 0, 'core': -1}, '15672': {'num_run': 0, 'core': -1}, '5464': {'num_run': 0, 'core': -1}, '15912': {'num_run': 0, 'core': -1}, '5132': {'num_run': 0, 'core': -1}, '14228': {'num_run': 0, 'core': -1}, '12928': {'num_run': 0, 'core': -1}, '17528': {'num_run': 0, 'core': -1}, '17888': {'num_run': 0, 'core': -1}, '17500': {'num_run': 0, 'core': -1}}}, 'input_type_shape': [{'int64': [1, 1]}], 'activation_size': '8', 'node_index': '26', 'parameter_size': '0', 'output_type_shape': [{'int64': [1, 1]}], 'op_name': 'MemcpyFromHost', 'provider': 'WebGpuExecutionProvider'}

       0.401 ms  Memcpy_kernel_time
    category: Node
    args: {'output_size': '8', 'activation_size': '8', 'provider': 'WebGpuExecutionProvider', 'parameter_size': '0', 'output_type_shape': [{'int64': [1, 1]}], 'input_type_shape': [{'int64': [1, 1]}], 'node_index': '26', 'op_name': 'MemcpyFromHost', 'thread_scheduling_stats': {'main_thread': {'thread_pool_name': 'session-3-intra-op', 'thread_id': '7420', 'block_size': [], 'core': 0, 'Distribution': 0, 'DistributionEnqueue': 0, 'Run': 0, 'Wait': 0, 'WaitRevoke': 0}, 'sub_threads': {'15608': {'num_run': 0, 'core': -1}, '7876': {'num_run': 0, 'core': -1}, '16020': {'num_run': 0, 'core': -1}, '11772': {'num_run': 0, 'core': -1}, '7348': {'num_run': 0, 'core': -1}, '8144': {'num_run': 0, 'core': -1}, '15672': {'num_run': 0, 'core': -1}, '5464': {'num_run': 0, 'core': -1}, '15912': {'num_run': 0, 'core': -1}, '5132': {'num_run': 0, 'core': -1}, '14228': {'num_run': 0, 'core': -1}, '12928': {'num_run': 0, 'core': -1}, '17528': {'num_run': 0, 'core': -1}, '17888': {'num_run': 0, 'core': -1}, '17500': {'num_run': 0, 'core': -1}}}}

       0.235 ms  Memcpy_kernel_time
    category: Node
    args: {'input_type_shape': [{'int64': [1, 1]}], 'parameter_size': '0', 'op_name': 'MemcpyFromHost', 'node_index': '26', 'provider': 'WebGpuExecutionProvider', 'thread_scheduling_stats': {'main_thread': {'thread_pool_name': 'session-3-intra-op', 'thread_id': '7420', 'block_size': [], 'core': 0, 'Distribution': 0, 'DistributionEnqueue': 0, 'Run': 0, 'Wait': 0, 'WaitRevoke': 0}, 'sub_threads': {'15608': {'num_run': 0, 'core': -1}, '7876': {'num_run': 0, 'core': -1}, '16020': {'num_run': 0, 'core': -1}, '11772': {'num_run': 0, 'core': -1}, '7348': {'num_run': 0, 'core': -1}, '8144': {'num_run': 0, 'core': -1}, '15672': {'num_run': 0, 'core': -1}, '5464': {'num_run': 0, 'core': -1}, '15912': {'num_run': 0, 'core': -1}, '5132': {'num_run': 0, 'core': -1}, '14228': {'num_run': 0, 'core': -1}, '12928': {'num_run': 0, 'core': -1}, '17528': {'num_run': 0, 'core': -1}, '17888': {'num_run': 0, 'core': -1}, '17500': {'num_run': 0, 'core': -1}}}, 'output_type_shape': [{'int64': [1, 1]}], 'output_size': '8', 'activation_size': '8'}

       0.116 ms  Memcpy_kernel_time
    category: Node
    args: {'output_type_shape': [{'int64': [1, 1]}], 'op_name': 'MemcpyFromHost', 'node_index': '26', 'output_size': '8', 'provider': 'WebGpuExecutionProvider', 'input_type_shape': [{'int64': [1, 1]}], 'thread_scheduling_stats': {'main_thread': {'thread_pool_name': 'session-3-intra-op', 'thread_id': '7420', 'block_size': [], 'core': 0, 'Distribution': 0, 'DistributionEnqueue': 0, 'Run': 0, 'Wait': 0, 'WaitRevoke': 0}, 'sub_threads': {'15608': {'num_run': 0, 'core': -1}, '7876': {'num_run': 0, 'core': -1}, '16020': {'num_run': 0, 'core': -1}, '11772': {'num_run': 0, 'core': -1}, '7348': {'num_run': 0, 'core': -1}, '8144': {'num_run': 0, 'core': -1}, '15672': {'num_run': 0, 'core': -1}, '5464': {'num_run': 0, 'core': -1}, '15912': {'num_run': 0, 'core': -1}, '5132': {'num_run': 0, 'core': -1}, '14228': {'num_run': 0, 'core': -1}, '12928': {'num_run': 0, 'core': -1}, '17528': {'num_run': 0, 'core': -1}, '17888': {'num_run': 0, 'core': -1}, '17500': {'num_run': 0, 'core': -1}}}, 'activation_size': '8', 'parameter_size': '0'}

       0.150 ms  Memcpy_kernel_time
    category: Node
    args: {'activation_size': '8', 'input_type_shape': [{'int64': [1, 1]}], 'output_type_shape': [{'int64': [1, 1]}], 'parameter_size': '0', 'thread_scheduling_stats': {'main_thread': {'thread_pool_name': 'session-3-intra-op', 'thread_id': '7420', 'block_size': [], 'core': 0, 'Distribution': 0, 'DistributionEnqueue': 0, 'Run': 0, 'Wait': 0, 'WaitRevoke': 0}, 'sub_threads': {'15608': {'num_run': 0, 'core': -1}, '7876': {'num_run': 0, 'core': -1}, '16020': {'num_run': 0, 'core': -1}, '11772': {'num_run': 0, 'core': -1}, '7348': {'num_run': 0, 'core': -1}, '8144': {'num_run': 0, 'core': -1}, '15672': {'num_run': 0, 'core': -1}, '5464': {'num_run': 0, 'core': -1}, '15912': {'num_run': 0, 'core': -1}, '5132': {'num_run': 0, 'core': -1}, '14228': {'num_run': 0, 'core': -1}, '12928': {'num_run': 0, 'core': -1}, '17528': {'num_run': 0, 'core': -1}, '17888': {'num_run': 0, 'core': -1}, '17500': {'num_run': 0, 'core': -1}}}, 'provider': 'WebGpuExecutionProvider', 'output_size': '8', 'node_index': '26', 'op_name': 'MemcpyFromHost'}

       0.093 ms  Memcpy_kernel_time
    category: Node
    args: {'output_size': '8', 'parameter_size': '0', 'output_type_shape': [{'int64': [1, 1]}], 'thread_scheduling_stats': {'main_thread': {'thread_pool_name': 'session-3-intra-op', 'thread_id': '7420', 'block_size': [], 'core': 0, 'Distribution': 0, 'DistributionEnqueue': 0, 'Run': 0, 'Wait': 0, 'WaitRevoke': 0}, 'sub_threads': {'15608': {'num_run': 0, 'core': -1}, '7876': {'num_run': 0, 'core': -1}, '16020': {'num_run': 0, 'core': -1}, '11772': {'num_run': 0, 'core': -1}, '7348': {'num_run': 0, 'core': -1}, '8144': {'num_run': 0, 'core': -1}, '15672': {'num_run': 0, 'core': -1}, '5464': {'num_run': 0, 'core': -1}, '15912': {'num_run': 0, 'core': -1}, '5132': {'num_run': 0, 'core': -1}, '14228': {'num_run': 0, 'core': -1}, '12928': {'num_run': 0, 'core': -1}, '17528': {'num_run': 0, 'core': -1}, '17888': {'num_run': 0, 'core': -1}, '17500': {'num_run': 0, 'core': -1}}}, 'activation_size': '8', 'op_name': 'MemcpyFromHost', 'input_type_shape': [{'int64': [1, 1]}], 'node_index': '26', 'provider': 'WebGpuExecutionProvider'}

       0.103 ms  Memcpy_kernel_time
    category: Node
    args: {'activation_size': '8', 'input_type_shape': [{'int64': [1, 1]}], 'parameter_size': '0', 'output_size': '8', 'op_name': 'MemcpyFromHost', 'node_index': '26', 'thread_scheduling_stats': {'main_thread': {'thread_pool_name': 'session-3-intra-op', 'thread_id': '7420', 'block_size': [], 'core': 0, 'Distribution': 0, 'DistributionEnqueue': 0, 'Run': 0, 'Wait': 0, 'WaitRevoke': 0}, 'sub_threads': {'15608': {'num_run': 0, 'core': -1}, '7876': {'num_run': 0, 'core': -1}, '16020': {'num_run': 0, 'core': -1}, '11772': {'num_run': 0, 'core': -1}, '7348': {'num_run': 0, 'core': -1}, '8144': {'num_run': 0, 'core': -1}, '15672': {'num_run': 0, 'core': -1}, '5464': {'num_run': 0, 'core': -1}, '15912': {'num_run': 0, 'core': -1}, '5132': {'num_run': 0, 'core': -1}, '14228': {'num_run': 0, 'core': -1}, '12928': {'num_run': 0, 'core': -1}, '17528': {'num_run': 0, 'core': -1}, '17888': {'num_run': 0, 'core': -1}, '17500': {'num_run': 0, 'core': -1}}}, 'output_type_shape': [{'int64': [1, 1]}], 'provider': 'WebGpuExecutionProvider'}

       0.123 ms  Memcpy_kernel_time
    category: Node
    args: {'activation_size': '8', 'provider': 'WebGpuExecutionProvider', 'parameter_size': '0', 'output_size': '8', 'output_type_shape': [{'int64': [1, 1]}], 'node_index': '26', 'thread_scheduling_stats': {'main_thread': {'thread_pool_name': 'session-3-intra-op', 'thread_id': '7420', 'block_size': [], 'core': 0, 'Distribution': 0, 'DistributionEnqueue': 0, 'Run': 0, 'Wait': 0, 'WaitRevoke': 0}, 'sub_threads': {'15608': {'num_run': 0, 'core': -1}, '7876': {'num_run': 0, 'core': -1}, '16020': {'num_run': 0, 'core': -1}, '11772': {'num_run': 0, 'core': -1}, '7348': {'num_run': 0, 'core': -1}, '8144': {'num_run': 0, 'core': -1}, '15672': {'num_run': 0, 'core': -1}, '5464': {'num_run': 0, 'core': -1}, '15912': {'num_run': 0, 'core': -1}, '5132': {'num_run': 0, 'core': -1}, '14228': {'num_run': 0, 'core': -1}, '12928': {'num_run': 0, 'core': -1}, '17528': {'num_run': 0, 'core': -1}, '17888': {'num_run': 0, 'core': -1}, '17500': {'num_run': 0, 'core': -1}}}, 'input_type_shape': [{'int64': [1, 1]}], 'op_name': 'MemcpyFromHost'}

       0.103 ms  Memcpy_kernel_time
    category: Node
    args: {'node_index': '26', 'input_type_shape': [{'int64': [1, 1]}], 'parameter_size': '0', 'output_size': '8', 'output_type_shape': [{'int64': [1, 1]}], 'thread_scheduling_stats': {'main_thread': {'thread_pool_name': 'session-3-intra-op', 'thread_id': '7420', 'block_size': [], 'core': 0, 'Distribution': 0, 'DistributionEnqueue': 0, 'Run': 0, 'Wait': 0, 'WaitRevoke': 0}, 'sub_threads': {'15608': {'num_run': 0, 'core': -1}, '7876': {'num_run': 0, 'core': -1}, '16020': {'num_run': 0, 'core': -1}, '11772': {'num_run': 0, 'core': -1}, '7348': {'num_run': 0, 'core': -1}, '8144': {'num_run': 0, 'core': -1}, '15672': {'num_run': 0, 'core': -1}, '5464': {'num_run': 0, 'core': -1}, '15912': {'num_run': 0, 'core': -1}, '5132': {'num_run': 0, 'core': -1}, '14228': {'num_run': 0, 'core': -1}, '12928': {'num_run': 0, 'core': -1}, '17528': {'num_run': 0, 'core': -1}, '17888': {'num_run': 0, 'core': -1}, '17500': {'num_run': 0, 'core': -1}}}, 'op_name': 'MemcpyFromHost', 'activation_size': '8', 'provider': 'WebGpuExecutionProvider'}

       0.119 ms  Memcpy_kernel_time
    category: Node
    args: {'parameter_size': '0', 'node_index': '26', 'thread_scheduling_stats': {'main_thread': {'thread_pool_name': 'session-3-intra-op', 'thread_id': '7420', 'block_size': [], 'core': 0, 'Distribution': 0, 'DistributionEnqueue': 0, 'Run': 0, 'Wait': 0, 'WaitRevoke': 0}, 'sub_threads': {'15608': {'num_run': 0, 'core': -1}, '7876': {'num_run': 0, 'core': -1}, '16020': {'num_run': 0, 'core': -1}, '11772': {'num_run': 0, 'core': -1}, '7348': {'num_run': 0, 'core': -1}, '8144': {'num_run': 0, 'core': -1}, '15672': {'num_run': 0, 'core': -1}, '5464': {'num_run': 0, 'core': -1}, '15912': {'num_run': 0, 'core': -1}, '5132': {'num_run': 0, 'core': -1}, '14228': {'num_run': 0, 'core': -1}, '12928': {'num_run': 0, 'core': -1}, '17528': {'num_run': 0, 'core': -1}, '17888': {'num_run': 0, 'core': -1}, '17500': {'num_run': 0, 'core': -1}}}, 'activation_size': '8', 'op_name': 'MemcpyFromHost', 'provider': 'WebGpuExecutionProvider', 'output_size': '8', 'input_type_shape': [{'int64': [1, 1]}], 'output_type_shape': [{'int64': [1, 1]}]}

       0.080 ms  Memcpy_kernel_time
    category: Node
    args: {'node_index': '26', 'output_size': '8', 'thread_scheduling_stats': {'main_thread': {'thread_pool_name': 'session-3-intra-op', 'thread_id': '7420', 'block_size': [], 'core': 0, 'Distribution': 0, 'DistributionEnqueue': 0, 'Run': 0, 'Wait': 0, 'WaitRevoke': 0}, 'sub_threads': {'15608': {'num_run': 0, 'core': -1}, '7876': {'num_run': 0, 'core': -1}, '16020': {'num_run': 0, 'core': -1}, '11772': {'num_run': 0, 'core': -1}, '7348': {'num_run': 0, 'core': -1}, '8144': {'num_run': 0, 'core': -1}, '15672': {'num_run': 0, 'core': -1}, '5464': {'num_run': 0, 'core': -1}, '15912': {'num_run': 0, 'core': -1}, '5132': {'num_run': 0, 'core': -1}, '14228': {'num_run': 0, 'core': -1}, '12928': {'num_run': 0, 'core': -1}, '17528': {'num_run': 0, 'core': -1}, '17888': {'num_run': 0, 'core': -1}, '17500': {'num_run': 0, 'core': -1}}}, 'input_type_shape': [{'int64': [1, 1]}], 'provider': 'WebGpuExecutionProvider', 'parameter_size': '0', 'activation_size': '8', 'output_type_shape': [{'int64': [1, 1]}], 'op_name': 'MemcpyFromHost'}

       0.126 ms  Memcpy_kernel_time
    category: Node
    args: {'thread_scheduling_stats': {'main_thread': {'thread_pool_name': 'session-3-intra-op', 'thread_id': '7420', 'block_size': [], 'core': 0, 'Distribution': 0, 'DistributionEnqueue': 0, 'Run': 0, 'Wait': 0, 'WaitRevoke': 0}, 'sub_threads': {'15608': {'num_run': 0, 'core': -1}, '7876': {'num_run': 0, 'core': -1}, '16020': {'num_run': 0, 'core': -1}, '11772': {'num_run': 0, 'core': -1}, '7348': {'num_run': 0, 'core': -1}, '8144': {'num_run': 0, 'core': -1}, '15672': {'num_run': 0, 'core': -1}, '5464': {'num_run': 0, 'core': -1}, '15912': {'num_run': 0, 'core': -1}, '5132': {'num_run': 0, 'core': -1}, '14228': {'num_run': 0, 'core': -1}, '12928': {'num_run': 0, 'core': -1}, '17528': {'num_run': 0, 'core': -1}, '17888': {'num_run': 0, 'core': -1}, '17500': {'num_run': 0, 'core': -1}}}, 'input_type_shape': [{'int64': [1, 1]}], 'op_name': 'MemcpyFromHost', 'node_index': '26', 'output_size': '8', 'parameter_size': '0', 'provider': 'WebGpuExecutionProvider', 'activation_size': '8', 'output_type_shape': [{'int64': [1, 1]}]}

       0.082 ms  Memcpy_kernel_time
    category: Node
    args: {'parameter_size': '0', 'output_size': '8', 'activation_size': '8', 'node_index': '26', 'output_type_shape': [{'int64': [1, 1]}], 'input_type_shape': [{'int64': [1, 1]}], 'provider': 'WebGpuExecutionProvider', 'op_name': 'MemcpyFromHost', 'thread_scheduling_stats': {'main_thread': {'thread_pool_name': 'session-3-intra-op', 'thread_id': '7420', 'block_size': [], 'core': 0, 'Distribution': 0, 'DistributionEnqueue': 0, 'Run': 0, 'Wait': 0, 'WaitRevoke': 0}, 'sub_threads': {'15608': {'num_run': 0, 'core': -1}, '7876': {'num_run': 0, 'core': -1}, '16020': {'num_run': 0, 'core': -1}, '11772': {'num_run': 0, 'core': -1}, '7348': {'num_run': 0, 'core': -1}, '8144': {'num_run': 0, 'core': -1}, '15672': {'num_run': 0, 'core': -1}, '5464': {'num_run': 0, 'core': -1}, '15912': {'num_run': 0, 'core': -1}, '5132': {'num_run': 0, 'core': -1}, '14228': {'num_run': 0, 'core': -1}, '12928': {'num_run': 0, 'core': -1}, '17528': {'num_run': 0, 'core': -1}, '17888': {'num_run': 0, 'core': -1}, '17500': {'num_run': 0, 'core': -1}}}}

       0.191 ms  Memcpy_kernel_time
    category: Node
    args: {'parameter_size': '0', 'thread_scheduling_stats': {'main_thread': {'thread_pool_name': 'session-3-intra-op', 'thread_id': '7420', 'block_size': [], 'core': 0, 'Distribution': 0, 'DistributionEnqueue': 0, 'Run': 0, 'Wait': 0, 'WaitRevoke': 0}, 'sub_threads': {'15608': {'num_run': 0, 'core': -1}, '7876': {'num_run': 0, 'core': -1}, '16020': {'num_run': 0, 'core': -1}, '11772': {'num_run': 0, 'core': -1}, '7348': {'num_run': 0, 'core': -1}, '8144': {'num_run': 0, 'core': -1}, '15672': {'num_run': 0, 'core': -1}, '5464': {'num_run': 0, 'core': -1}, '15912': {'num_run': 0, 'core': -1}, '5132': {'num_run': 0, 'core': -1}, '14228': {'num_run': 0, 'core': -1}, '12928': {'num_run': 0, 'core': -1}, '17528': {'num_run': 0, 'core': -1}, '17888': {'num_run': 0, 'core': -1}, '17500': {'num_run': 0, 'core': -1}}}, 'op_name': 'MemcpyFromHost', 'activation_size': '8', 'output_type_shape': [{'int64': [1, 1]}], 'provider': 'WebGpuExecutionProvider', 'node_index': '26', 'input_type_shape': [{'int64': [1, 1]}], 'output_size': '8'}

       0.086 ms  Memcpy_kernel_time
    category: Node
    args: {'activation_size': '8', 'provider': 'WebGpuExecutionProvider', 'parameter_size': '0', 'op_name': 'MemcpyFromHost', 'input_type_shape': [{'int64': [1, 1]}], 'output_type_shape': [{'int64': [1, 1]}], 'node_index': '26', 'thread_scheduling_stats': {'main_thread': {'thread_pool_name': 'session-3-intra-op', 'thread_id': '7420', 'block_size': [], 'core': 0, 'Distribution': 0, 'DistributionEnqueue': 0, 'Run': 0, 'Wait': 0, 'WaitRevoke': 0}, 'sub_threads': {'15608': {'num_run': 0, 'core': -1}, '7876': {'num_run': 0, 'core': -1}, '16020': {'num_run': 0, 'core': -1}, '11772': {'num_run': 0, 'core': -1}, '7348': {'num_run': 0, 'core': -1}, '8144': {'num_run': 0, 'core': -1}, '15672': {'num_run': 0, 'core': -1}, '5464': {'num_run': 0, 'core': -1}, '15912': {'num_run': 0, 'core': -1}, '5132': {'num_run': 0, 'core': -1}, '14228': {'num_run': 0, 'core': -1}, '12928': {'num_run': 0, 'core': -1}, '17528': {'num_run': 0, 'core': -1}, '17888': {'num_run': 0, 'core': -1}, '17500': {'num_run': 0, 'core': -1}}}, 'output_size': '8'}

       0.159 ms  Memcpy_kernel_time
    category: Node
    args: {'thread_scheduling_stats': {'main_thread': {'thread_pool_name': 'session-3-intra-op', 'thread_id': '7420', 'block_size': [], 'core': 0, 'Distribution': 0, 'DistributionEnqueue': 0, 'Run': 0, 'Wait': 0, 'WaitRevoke': 0}, 'sub_threads': {'15608': {'num_run': 0, 'core': -1}, '7876': {'num_run': 0, 'core': -1}, '16020': {'num_run': 0, 'core': -1}, '11772': {'num_run': 0, 'core': -1}, '7348': {'num_run': 0, 'core': -1}, '8144': {'num_run': 0, 'core': -1}, '15672': {'num_run': 0, 'core': -1}, '5464': {'num_run': 0, 'core': -1}, '15912': {'num_run': 0, 'core': -1}, '5132': {'num_run': 0, 'core': -1}, '14228': {'num_run': 0, 'core': -1}, '12928': {'num_run': 0, 'core': -1}, '17528': {'num_run': 0, 'core': -1}, '17888': {'num_run': 0, 'core': -1}, '17500': {'num_run': 0, 'core': -1}}}, 'provider': 'WebGpuExecutionProvider', 'output_type_shape': [{'int64': [1, 1]}], 'parameter_size': '0', 'activation_size': '8', 'op_name': 'MemcpyFromHost', 'output_size': '8', 'node_index': '26', 'input_type_shape': [{'int64': [1, 1]}]}

       0.085 ms  Memcpy_kernel_time
    category: Node
    args: {'parameter_size': '0', 'activation_size': '8', 'thread_scheduling_stats': {'main_thread': {'thread_pool_name': 'session-3-intra-op', 'thread_id': '7420', 'block_size': [], 'core': 0, 'Distribution': 0, 'DistributionEnqueue': 0, 'Run': 0, 'Wait': 0, 'WaitRevoke': 0}, 'sub_threads': {'15608': {'num_run': 0, 'core': -1}, '7876': {'num_run': 0, 'core': -1}, '16020': {'num_run': 0, 'core': -1}, '11772': {'num_run': 0, 'core': -1}, '7348': {'num_run': 0, 'core': -1}, '8144': {'num_run': 0, 'core': -1}, '15672': {'num_run': 0, 'core': -1}, '5464': {'num_run': 0, 'core': -1}, '15912': {'num_run': 0, 'core': -1}, '5132': {'num_run': 0, 'core': -1}, '14228': {'num_run': 0, 'core': -1}, '12928': {'num_run': 0, 'core': -1}, '17528': {'num_run': 0, 'core': -1}, '17888': {'num_run': 0, 'core': -1}, '17500': {'num_run': 0, 'core': -1}}}, 'op_name': 'MemcpyFromHost', 'node_index': '26', 'provider': 'WebGpuExecutionProvider', 'output_size': '8', 'input_type_shape': [{'int64': [1, 1]}], 'output_type_shape': [{'int64': [1, 1]}]}

       0.083 ms  Memcpy_kernel_time
    category: Node
    args: {'parameter_size': '0', 'output_type_shape': [{'int64': [1, 1]}], 'op_name': 'MemcpyFromHost', 'input_type_shape': [{'int64': [1, 1]}], 'provider': 'WebGpuExecutionProvider', 'thread_scheduling_stats': {'main_thread': {'thread_pool_name': 'session-3-intra-op', 'thread_id': '7420', 'block_size': [], 'core': 0, 'Distribution': 0, 'DistributionEnqueue': 0, 'Run': 0, 'Wait': 0, 'WaitRevoke': 0}, 'sub_threads': {'15608': {'num_run': 0, 'core': -1}, '7876': {'num_run': 0, 'core': -1}, '16020': {'num_run': 0, 'core': -1}, '11772': {'num_run': 0, 'core': -1}, '7348': {'num_run': 0, 'core': -1}, '8144': {'num_run': 0, 'core': -1}, '15672': {'num_run': 0, 'core': -1}, '5464': {'num_run': 0, 'core': -1}, '15912': {'num_run': 0, 'core': -1}, '5132': {'num_run': 0, 'core': -1}, '14228': {'num_run': 0, 'core': -1}, '12928': {'num_run': 0, 'core': -1}, '17528': {'num_run': 0, 'core': -1}, '17888': {'num_run': 0, 'core': -1}, '17500': {'num_run': 0, 'core': -1}}}, 'output_size': '8', 'activation_size': '8', 'node_index': '26'}

       0.082 ms  Memcpy_kernel_time
    category: Node
    args: {'parameter_size': '0', 'provider': 'WebGpuExecutionProvider', 'op_name': 'MemcpyFromHost', 'input_type_shape': [{'int64': [1, 1]}], 'output_size': '8', 'output_type_shape': [{'int64': [1, 1]}], 'thread_scheduling_stats': {'main_thread': {'thread_pool_name': 'session-3-intra-op', 'thread_id': '7420', 'block_size': [], 'core': 0, 'Distribution': 0, 'DistributionEnqueue': 0, 'Run': 0, 'Wait': 0, 'WaitRevoke': 0}, 'sub_threads': {'15608': {'num_run': 0, 'core': -1}, '7876': {'num_run': 0, 'core': -1}, '16020': {'num_run': 0, 'core': -1}, '11772': {'num_run': 0, 'core': -1}, '7348': {'num_run': 0, 'core': -1}, '8144': {'num_run': 0, 'core': -1}, '15672': {'num_run': 0, 'core': -1}, '5464': {'num_run': 0, 'core': -1}, '15912': {'num_run': 0, 'core': -1}, '5132': {'num_run': 0, 'core': -1}, '14228': {'num_run': 0, 'core': -1}, '12928': {'num_run': 0, 'core': -1}, '17528': {'num_run': 0, 'core': -1}, '17888': {'num_run': 0, 'core': -1}, '17500': {'num_run': 0, 'core': -1}}}, 'node_index': '26', 'activation_size': '8'}

       0.074 ms  Memcpy_kernel_time
    category: Node
    args: {'node_index': '26', 'provider': 'WebGpuExecutionProvider', 'input_type_shape': [{'int64': [1, 1]}], 'output_type_shape': [{'int64': [1, 1]}], 'parameter_size': '0', 'activation_size': '8', 'output_size': '8', 'op_name': 'MemcpyFromHost', 'thread_scheduling_stats': {'main_thread': {'thread_pool_name': 'session-3-intra-op', 'thread_id': '7420', 'block_size': [], 'core': 0, 'Distribution': 0, 'DistributionEnqueue': 0, 'Run': 0, 'Wait': 0, 'WaitRevoke': 0}, 'sub_threads': {'15608': {'num_run': 0, 'core': -1}, '7876': {'num_run': 0, 'core': -1}, '16020': {'num_run': 0, 'core': -1}, '11772': {'num_run': 0, 'core': -1}, '7348': {'num_run': 0, 'core': -1}, '8144': {'num_run': 0, 'core': -1}, '15672': {'num_run': 0, 'core': -1}, '5464': {'num_run': 0, 'core': -1}, '15912': {'num_run': 0, 'core': -1}, '5132': {'num_run': 0, 'core': -1}, '14228': {'num_run': 0, 'core': -1}, '12928': {'num_run': 0, 'core': -1}, '17528': {'num_run': 0, 'core': -1}, '17888': {'num_run': 0, 'core': -1}, '17500': {'num_run': 0, 'core': -1}}}}

       0.090 ms  Memcpy_kernel_time
    category: Node
    args: {'activation_size': '8', 'parameter_size': '0', 'node_index': '26', 'provider': 'WebGpuExecutionProvider', 'output_type_shape': [{'int64': [1, 1]}], 'output_size': '8', 'thread_scheduling_stats': {'main_thread': {'thread_pool_name': 'session-3-intra-op', 'thread_id': '7420', 'block_size': [], 'core': 0, 'Distribution': 0, 'DistributionEnqueue': 0, 'Run': 0, 'Wait': 0, 'WaitRevoke': 0}, 'sub_threads': {'15608': {'num_run': 0, 'core': -1}, '7876': {'num_run': 0, 'core': -1}, '16020': {'num_run': 0, 'core': -1}, '11772': {'num_run': 0, 'core': -1}, '7348': {'num_run': 0, 'core': -1}, '8144': {'num_run': 0, 'core': -1}, '15672': {'num_run': 0, 'core': -1}, '5464': {'num_run': 0, 'core': -1}, '15912': {'num_run': 0, 'core': -1}, '5132': {'num_run': 0, 'core': -1}, '14228': {'num_run': 0, 'core': -1}, '12928': {'num_run': 0, 'core': -1}, '17528': {'num_run': 0, 'core': -1}, '17888': {'num_run': 0, 'core': -1}, '17500': {'num_run': 0, 'core': -1}}}, 'op_name': 'MemcpyFromHost', 'input_type_shape': [{'int64': [1, 1]}]}

       0.082 ms  Memcpy_kernel_time
    category: Node
    args: {'output_type_shape': [{'int64': [1, 1]}], 'op_name': 'MemcpyFromHost', 'provider': 'WebGpuExecutionProvider', 'activation_size': '8', 'thread_scheduling_stats': {'main_thread': {'thread_pool_name': 'session-3-intra-op', 'thread_id': '7420', 'block_size': [], 'core': 0, 'Distribution': 0, 'DistributionEnqueue': 0, 'Run': 0, 'Wait': 0, 'WaitRevoke': 0}, 'sub_threads': {'15608': {'num_run': 0, 'core': -1}, '7876': {'num_run': 0, 'core': -1}, '16020': {'num_run': 0, 'core': -1}, '11772': {'num_run': 0, 'core': -1}, '7348': {'num_run': 0, 'core': -1}, '8144': {'num_run': 0, 'core': -1}, '15672': {'num_run': 0, 'core': -1}, '5464': {'num_run': 0, 'core': -1}, '15912': {'num_run': 0, 'core': -1}, '5132': {'num_run': 0, 'core': -1}, '14228': {'num_run': 0, 'core': -1}, '12928': {'num_run': 0, 'core': -1}, '17528': {'num_run': 0, 'core': -1}, '17888': {'num_run': 0, 'core': -1}, '17500': {'num_run': 0, 'core': -1}}}, 'input_type_shape': [{'int64': [1, 1]}], 'parameter_size': '0', 'output_size': '8', 'node_index': '26'}

       0.179 ms  Memcpy_kernel_time
    category: Node
    args: {'node_index': '26', 'output_type_shape': [{'int64': [1, 1]}], 'op_name': 'MemcpyFromHost', 'parameter_size': '0', 'provider': 'WebGpuExecutionProvider', 'activation_size': '8', 'input_type_shape': [{'int64': [1, 1]}], 'output_size': '8', 'thread_scheduling_stats': {'main_thread': {'thread_pool_name': 'session-3-intra-op', 'thread_id': '7420', 'block_size': [], 'core': 0, 'Distribution': 0, 'DistributionEnqueue': 0, 'Run': 0, 'Wait': 0, 'WaitRevoke': 0}, 'sub_threads': {'15608': {'num_run': 0, 'core': -1}, '7876': {'num_run': 0, 'core': -1}, '16020': {'num_run': 0, 'core': -1}, '11772': {'num_run': 0, 'core': -1}, '7348': {'num_run': 0, 'core': -1}, '8144': {'num_run': 0, 'core': -1}, '15672': {'num_run': 0, 'core': -1}, '5464': {'num_run': 0, 'core': -1}, '15912': {'num_run': 0, 'core': -1}, '5132': {'num_run': 0, 'core': -1}, '14228': {'num_run': 0, 'core': -1}, '12928': {'num_run': 0, 'core': -1}, '17528': {'num_run': 0, 'core': -1}, '17888': {'num_run': 0, 'core': -1}, '17500': {'num_run': 0, 'core': -1}}}}

       0.082 ms  Memcpy_kernel_time
    category: Node
    args: {'node_index': '26', 'op_name': 'MemcpyFromHost', 'output_type_shape': [{'int64': [1, 1]}], 'input_type_shape': [{'int64': [1, 1]}], 'parameter_size': '0', 'thread_scheduling_stats': {'main_thread': {'thread_pool_name': 'session-3-intra-op', 'thread_id': '7420', 'block_size': [], 'core': 0, 'Distribution': 0, 'DistributionEnqueue': 0, 'Run': 0, 'Wait': 0, 'WaitRevoke': 0}, 'sub_threads': {'15608': {'num_run': 0, 'core': -1}, '7876': {'num_run': 0, 'core': -1}, '16020': {'num_run': 0, 'core': -1}, '11772': {'num_run': 0, 'core': -1}, '7348': {'num_run': 0, 'core': -1}, '8144': {'num_run': 0, 'core': -1}, '15672': {'num_run': 0, 'core': -1}, '5464': {'num_run': 0, 'core': -1}, '15912': {'num_run': 0, 'core': -1}, '5132': {'num_run': 0, 'core': -1}, '14228': {'num_run': 0, 'core': -1}, '12928': {'num_run': 0, 'core': -1}, '17528': {'num_run': 0, 'core': -1}, '17888': {'num_run': 0, 'core': -1}, '17500': {'num_run': 0, 'core': -1}}}, 'provider': 'WebGpuExecutionProvider', 'output_size': '8', 'activation_size': '8'}

       0.074 ms  Memcpy_kernel_time
    category: Node
    args: {'input_type_shape': [{'int64': [1, 1]}], 'activation_size': '8', 'provider': 'WebGpuExecutionProvider', 'parameter_size': '0', 'output_type_shape': [{'int64': [1, 1]}], 'output_size': '8', 'thread_scheduling_stats': {'main_thread': {'thread_pool_name': 'session-3-intra-op', 'thread_id': '7420', 'block_size': [], 'core': 0, 'Distribution': 0, 'DistributionEnqueue': 0, 'Run': 0, 'Wait': 0, 'WaitRevoke': 0}, 'sub_threads': {'15608': {'num_run': 0, 'core': -1}, '7876': {'num_run': 0, 'core': -1}, '16020': {'num_run': 0, 'core': -1}, '11772': {'num_run': 0, 'core': -1}, '7348': {'num_run': 0, 'core': -1}, '8144': {'num_run': 0, 'core': -1}, '15672': {'num_run': 0, 'core': -1}, '5464': {'num_run': 0, 'core': -1}, '15912': {'num_run': 0, 'core': -1}, '5132': {'num_run': 0, 'core': -1}, '14228': {'num_run': 0, 'core': -1}, '12928': {'num_run': 0, 'core': -1}, '17528': {'num_run': 0, 'core': -1}, '17888': {'num_run': 0, 'core': -1}, '17500': {'num_run': 0, 'core': -1}}}, 'op_name': 'MemcpyFromHost', 'node_index': '26'}

       0.079 ms  Memcpy_kernel_time
    category: Node
    args: {'thread_scheduling_stats': {'main_thread': {'thread_pool_name': 'session-3-intra-op', 'thread_id': '7420', 'block_size': [], 'core': 0, 'Distribution': 0, 'DistributionEnqueue': 0, 'Run': 0, 'Wait': 0, 'WaitRevoke': 0}, 'sub_threads': {'15608': {'num_run': 0, 'core': -1}, '7876': {'num_run': 0, 'core': -1}, '16020': {'num_run': 0, 'core': -1}, '11772': {'num_run': 0, 'core': -1}, '7348': {'num_run': 0, 'core': -1}, '8144': {'num_run': 0, 'core': -1}, '15672': {'num_run': 0, 'core': -1}, '5464': {'num_run': 0, 'core': -1}, '15912': {'num_run': 0, 'core': -1}, '5132': {'num_run': 0, 'core': -1}, '14228': {'num_run': 0, 'core': -1}, '12928': {'num_run': 0, 'core': -1}, '17528': {'num_run': 0, 'core': -1}, '17888': {'num_run': 0, 'core': -1}, '17500': {'num_run': 0, 'core': -1}}}, 'parameter_size': '0', 'input_type_shape': [{'int64': [1, 1]}], 'op_name': 'MemcpyFromHost', 'activation_size': '8', 'output_type_shape': [{'int64': [1, 1]}], 'node_index': '26', 'provider': 'WebGpuExecutionProvider', 'output_size': '8'}

       0.071 ms  Memcpy_kernel_time
    category: Node
    args: {'input_type_shape': [{'int64': [1, 1]}], 'op_name': 'MemcpyFromHost', 'activation_size': '8', 'output_type_shape': [{'int64': [1, 1]}], 'parameter_size': '0', 'output_size': '8', 'provider': 'WebGpuExecutionProvider', 'node_index': '26', 'thread_scheduling_stats': {'main_thread': {'thread_pool_name': 'session-3-intra-op', 'thread_id': '7420', 'block_size': [], 'core': 0, 'Distribution': 0, 'DistributionEnqueue': 0, 'Run': 0, 'Wait': 0, 'WaitRevoke': 0}, 'sub_threads': {'15608': {'num_run': 0, 'core': -1}, '7876': {'num_run': 0, 'core': -1}, '16020': {'num_run': 0, 'core': -1}, '11772': {'num_run': 0, 'core': -1}, '7348': {'num_run': 0, 'core': -1}, '8144': {'num_run': 0, 'core': -1}, '15672': {'num_run': 0, 'core': -1}, '5464': {'num_run': 0, 'core': -1}, '15912': {'num_run': 0, 'core': -1}, '5132': {'num_run': 0, 'core': -1}, '14228': {'num_run': 0, 'core': -1}, '12928': {'num_run': 0, 'core': -1}, '17528': {'num_run': 0, 'core': -1}, '17888': {'num_run': 0, 'core': -1}, '17500': {'num_run': 0, 'core': -1}}}}

       0.076 ms  Memcpy_kernel_time
    category: Node
    args: {'output_size': '8', 'output_type_shape': [{'int64': [1, 1]}], 'activation_size': '8', 'parameter_size': '0', 'provider': 'WebGpuExecutionProvider', 'input_type_shape': [{'int64': [1, 1]}], 'thread_scheduling_stats': {'main_thread': {'thread_pool_name': 'session-3-intra-op', 'thread_id': '7420', 'block_size': [], 'core': 0, 'Distribution': 0, 'DistributionEnqueue': 0, 'Run': 0, 'Wait': 0, 'WaitRevoke': 0}, 'sub_threads': {'15608': {'num_run': 0, 'core': -1}, '7876': {'num_run': 0, 'core': -1}, '16020': {'num_run': 0, 'core': -1}, '11772': {'num_run': 0, 'core': -1}, '7348': {'num_run': 0, 'core': -1}, '8144': {'num_run': 0, 'core': -1}, '15672': {'num_run': 0, 'core': -1}, '5464': {'num_run': 0, 'core': -1}, '15912': {'num_run': 0, 'core': -1}, '5132': {'num_run': 0, 'core': -1}, '14228': {'num_run': 0, 'core': -1}, '12928': {'num_run': 0, 'core': -1}, '17528': {'num_run': 0, 'core': -1}, '17888': {'num_run': 0, 'core': -1}, '17500': {'num_run': 0, 'core': -1}}}, 'op_name': 'MemcpyFromHost', 'node_index': '26'}

       0.088 ms  Memcpy_kernel_time
    category: Node
    args: {'input_type_shape': [{'int64': [1, 1]}], 'parameter_size': '0', 'thread_scheduling_stats': {'main_thread': {'thread_pool_name': 'session-3-intra-op', 'thread_id': '7420', 'block_size': [], 'core': 0, 'Distribution': 0, 'DistributionEnqueue': 0, 'Run': 0, 'Wait': 0, 'WaitRevoke': 0}, 'sub_threads': {'15608': {'num_run': 0, 'core': -1}, '7876': {'num_run': 0, 'core': -1}, '16020': {'num_run': 0, 'core': -1}, '11772': {'num_run': 0, 'core': -1}, '7348': {'num_run': 0, 'core': -1}, '8144': {'num_run': 0, 'core': -1}, '15672': {'num_run': 0, 'core': -1}, '5464': {'num_run': 0, 'core': -1}, '15912': {'num_run': 0, 'core': -1}, '5132': {'num_run': 0, 'core': -1}, '14228': {'num_run': 0, 'core': -1}, '12928': {'num_run': 0, 'core': -1}, '17528': {'num_run': 0, 'core': -1}, '17888': {'num_run': 0, 'core': -1}, '17500': {'num_run': 0, 'core': -1}}}, 'op_name': 'MemcpyFromHost', 'provider': 'WebGpuExecutionProvider', 'activation_size': '8', 'output_size': '8', 'node_index': '26', 'output_type_shape': [{'int64': [1, 1]}]}

       0.080 ms  Memcpy_kernel_time
    category: Node
    args: {'provider': 'WebGpuExecutionProvider', 'node_index': '26', 'thread_scheduling_stats': {'main_thread': {'thread_pool_name': 'session-3-intra-op', 'thread_id': '7420', 'block_size': [], 'core': 0, 'Distribution': 0, 'DistributionEnqueue': 0, 'Run': 0, 'Wait': 0, 'WaitRevoke': 0}, 'sub_threads': {'15608': {'num_run': 0, 'core': -1}, '7876': {'num_run': 0, 'core': -1}, '16020': {'num_run': 0, 'core': -1}, '11772': {'num_run': 0, 'core': -1}, '7348': {'num_run': 0, 'core': -1}, '8144': {'num_run': 0, 'core': -1}, '15672': {'num_run': 0, 'core': -1}, '5464': {'num_run': 0, 'core': -1}, '15912': {'num_run': 0, 'core': -1}, '5132': {'num_run': 0, 'core': -1}, '14228': {'num_run': 0, 'core': -1}, '12928': {'num_run': 0, 'core': -1}, '17528': {'num_run': 0, 'core': -1}, '17888': {'num_run': 0, 'core': -1}, '17500': {'num_run': 0, 'core': -1}}}, 'output_size': '8', 'input_type_shape': [{'int64': [1, 1]}], 'op_name': 'MemcpyFromHost', 'output_type_shape': [{'int64': [1, 1]}], 'parameter_size': '0', 'activation_size': '8'}

       0.072 ms  Memcpy_kernel_time
    category: Node
    args: {'input_type_shape': [{'int64': [1, 1]}], 'output_size': '8', 'thread_scheduling_stats': {'main_thread': {'thread_pool_name': 'session-3-intra-op', 'thread_id': '7420', 'block_size': [], 'core': 0, 'Distribution': 0, 'DistributionEnqueue': 0, 'Run': 0, 'Wait': 0, 'WaitRevoke': 0}, 'sub_threads': {'15608': {'num_run': 0, 'core': -1}, '7876': {'num_run': 0, 'core': -1}, '16020': {'num_run': 0, 'core': -1}, '11772': {'num_run': 0, 'core': -1}, '7348': {'num_run': 0, 'core': -1}, '8144': {'num_run': 0, 'core': -1}, '15672': {'num_run': 0, 'core': -1}, '5464': {'num_run': 0, 'core': -1}, '15912': {'num_run': 0, 'core': -1}, '5132': {'num_run': 0, 'core': -1}, '14228': {'num_run': 0, 'core': -1}, '12928': {'num_run': 0, 'core': -1}, '17528': {'num_run': 0, 'core': -1}, '17888': {'num_run': 0, 'core': -1}, '17500': {'num_run': 0, 'core': -1}}}, 'node_index': '26', 'op_name': 'MemcpyFromHost', 'parameter_size': '0', 'output_type_shape': [{'int64': [1, 1]}], 'provider': 'WebGpuExecutionProvider', 'activation_size': '8'}

       0.097 ms  Memcpy_kernel_time
    category: Node
    args: {'thread_scheduling_stats': {'main_thread': {'thread_pool_name': 'session-3-intra-op', 'thread_id': '7420', 'block_size': [], 'core': 0, 'Distribution': 0, 'DistributionEnqueue': 0, 'Run': 0, 'Wait': 0, 'WaitRevoke': 0}, 'sub_threads': {'15608': {'num_run': 0, 'core': -1}, '7876': {'num_run': 0, 'core': -1}, '16020': {'num_run': 0, 'core': -1}, '11772': {'num_run': 0, 'core': -1}, '7348': {'num_run': 0, 'core': -1}, '8144': {'num_run': 0, 'core': -1}, '15672': {'num_run': 0, 'core': -1}, '5464': {'num_run': 0, 'core': -1}, '15912': {'num_run': 0, 'core': -1}, '5132': {'num_run': 0, 'core': -1}, '14228': {'num_run': 0, 'core': -1}, '12928': {'num_run': 0, 'core': -1}, '17528': {'num_run': 0, 'core': -1}, '17888': {'num_run': 0, 'core': -1}, '17500': {'num_run': 0, 'core': -1}}}, 'node_index': '26', 'op_name': 'MemcpyFromHost', 'parameter_size': '0', 'provider': 'WebGpuExecutionProvider', 'activation_size': '8', 'output_type_shape': [{'int64': [1, 1]}], 'output_size': '8', 'input_type_shape': [{'int64': [1, 1]}]}

       0.073 ms  Memcpy_kernel_time
    category: Node
    args: {'node_index': '26', 'activation_size': '8', 'provider': 'WebGpuExecutionProvider', 'input_type_shape': [{'int64': [1, 1]}], 'op_name': 'MemcpyFromHost', 'output_size': '8', 'parameter_size': '0', 'thread_scheduling_stats': {'main_thread': {'thread_pool_name': 'session-3-intra-op', 'thread_id': '7420', 'block_size': [], 'core': 0, 'Distribution': 0, 'DistributionEnqueue': 0, 'Run': 0, 'Wait': 0, 'WaitRevoke': 0}, 'sub_threads': {'15608': {'num_run': 0, 'core': -1}, '7876': {'num_run': 0, 'core': -1}, '16020': {'num_run': 0, 'core': -1}, '11772': {'num_run': 0, 'core': -1}, '7348': {'num_run': 0, 'core': -1}, '8144': {'num_run': 0, 'core': -1}, '15672': {'num_run': 0, 'core': -1}, '5464': {'num_run': 0, 'core': -1}, '15912': {'num_run': 0, 'core': -1}, '5132': {'num_run': 0, 'core': -1}, '14228': {'num_run': 0, 'core': -1}, '12928': {'num_run': 0, 'core': -1}, '17528': {'num_run': 0, 'core': -1}, '17888': {'num_run': 0, 'core': -1}, '17500': {'num_run': 0, 'core': -1}}}, 'output_type_shape': [{'int64': [1, 1]}]}

       0.071 ms  Memcpy_kernel_time
    category: Node
    args: {'activation_size': '8', 'output_size': '8', 'provider': 'WebGpuExecutionProvider', 'thread_scheduling_stats': {'main_thread': {'thread_pool_name': 'session-3-intra-op', 'thread_id': '7420', 'block_size': [], 'core': 0, 'Distribution': 0, 'DistributionEnqueue': 0, 'Run': 0, 'Wait': 0, 'WaitRevoke': 0}, 'sub_threads': {'15608': {'num_run': 0, 'core': -1}, '7876': {'num_run': 0, 'core': -1}, '16020': {'num_run': 0, 'core': -1}, '11772': {'num_run': 0, 'core': -1}, '7348': {'num_run': 0, 'core': -1}, '8144': {'num_run': 0, 'core': -1}, '15672': {'num_run': 0, 'core': -1}, '5464': {'num_run': 0, 'core': -1}, '15912': {'num_run': 0, 'core': -1}, '5132': {'num_run': 0, 'core': -1}, '14228': {'num_run': 0, 'core': -1}, '12928': {'num_run': 0, 'core': -1}, '17528': {'num_run': 0, 'core': -1}, '17888': {'num_run': 0, 'core': -1}, '17500': {'num_run': 0, 'core': -1}}}, 'output_type_shape': [{'int64': [1, 1]}], 'parameter_size': '0', 'node_index': '26', 'input_type_shape': [{'int64': [1, 1]}], 'op_name': 'MemcpyFromHost'}

       0.070 ms  Memcpy_kernel_time
    category: Node
    args: {'node_index': '26', 'op_name': 'MemcpyFromHost', 'output_size': '8', 'activation_size': '8', 'parameter_size': '0', 'input_type_shape': [{'int64': [1, 1]}], 'output_type_shape': [{'int64': [1, 1]}], 'thread_scheduling_stats': {'main_thread': {'thread_pool_name': 'session-3-intra-op', 'thread_id': '7420', 'block_size': [], 'core': 0, 'Distribution': 0, 'DistributionEnqueue': 0, 'Run': 0, 'Wait': 0, 'WaitRevoke': 0}, 'sub_threads': {'15608': {'num_run': 0, 'core': -1}, '7876': {'num_run': 0, 'core': -1}, '16020': {'num_run': 0, 'core': -1}, '11772': {'num_run': 0, 'core': -1}, '7348': {'num_run': 0, 'core': -1}, '8144': {'num_run': 0, 'core': -1}, '15672': {'num_run': 0, 'core': -1}, '5464': {'num_run': 0, 'core': -1}, '15912': {'num_run': 0, 'core': -1}, '5132': {'num_run': 0, 'core': -1}, '14228': {'num_run': 0, 'core': -1}, '12928': {'num_run': 0, 'core': -1}, '17528': {'num_run': 0, 'core': -1}, '17888': {'num_run': 0, 'core': -1}, '17500': {'num_run': 0, 'core': -1}}}, 'provider': 'WebGpuExecutionProvider'}

       0.080 ms  Memcpy_kernel_time
    category: Node
    args: {'activation_size': '8', 'parameter_size': '0', 'op_name': 'MemcpyFromHost', 'node_index': '26', 'output_size': '8', 'input_type_shape': [{'int64': [1, 1]}], 'provider': 'WebGpuExecutionProvider', 'thread_scheduling_stats': {'main_thread': {'thread_pool_name': 'session-3-intra-op', 'thread_id': '7420', 'block_size': [], 'core': 0, 'Distribution': 0, 'DistributionEnqueue': 0, 'Run': 0, 'Wait': 0, 'WaitRevoke': 0}, 'sub_threads': {'15608': {'num_run': 0, 'core': -1}, '7876': {'num_run': 0, 'core': -1}, '16020': {'num_run': 0, 'core': -1}, '11772': {'num_run': 0, 'core': -1}, '7348': {'num_run': 0, 'core': -1}, '8144': {'num_run': 0, 'core': -1}, '15672': {'num_run': 0, 'core': -1}, '5464': {'num_run': 0, 'core': -1}, '15912': {'num_run': 0, 'core': -1}, '5132': {'num_run': 0, 'core': -1}, '14228': {'num_run': 0, 'core': -1}, '12928': {'num_run': 0, 'core': -1}, '17528': {'num_run': 0, 'core': -1}, '17888': {'num_run': 0, 'core': -1}, '17500': {'num_run': 0, 'core': -1}}}, 'output_type_shape': [{'int64': [1, 1]}]}

       0.072 ms  Memcpy_kernel_time
    category: Node
    args: {'output_size': '8', 'op_name': 'MemcpyFromHost', 'input_type_shape': [{'int64': [1, 1]}], 'parameter_size': '0', 'output_type_shape': [{'int64': [1, 1]}], 'activation_size': '8', 'thread_scheduling_stats': {'main_thread': {'thread_pool_name': 'session-3-intra-op', 'thread_id': '7420', 'block_size': [], 'core': 0, 'Distribution': 0, 'DistributionEnqueue': 0, 'Run': 0, 'Wait': 0, 'WaitRevoke': 0}, 'sub_threads': {'15608': {'num_run': 0, 'core': -1}, '7876': {'num_run': 0, 'core': -1}, '16020': {'num_run': 0, 'core': -1}, '11772': {'num_run': 0, 'core': -1}, '7348': {'num_run': 0, 'core': -1}, '8144': {'num_run': 0, 'core': -1}, '15672': {'num_run': 0, 'core': -1}, '5464': {'num_run': 0, 'core': -1}, '15912': {'num_run': 0, 'core': -1}, '5132': {'num_run': 0, 'core': -1}, '14228': {'num_run': 0, 'core': -1}, '12928': {'num_run': 0, 'core': -1}, '17528': {'num_run': 0, 'core': -1}, '17888': {'num_run': 0, 'core': -1}, '17500': {'num_run': 0, 'core': -1}}}, 'node_index': '26', 'provider': 'WebGpuExecutionProvider'}

       0.073 ms  Memcpy_kernel_time
    category: Node
    args: {'output_size': '8', 'output_type_shape': [{'int64': [1, 1]}], 'thread_scheduling_stats': {'main_thread': {'thread_pool_name': 'session-3-intra-op', 'thread_id': '7420', 'block_size': [], 'core': 0, 'Distribution': 0, 'DistributionEnqueue': 0, 'Run': 0, 'Wait': 0, 'WaitRevoke': 0}, 'sub_threads': {'15608': {'num_run': 0, 'core': -1}, '7876': {'num_run': 0, 'core': -1}, '16020': {'num_run': 0, 'core': -1}, '11772': {'num_run': 0, 'core': -1}, '7348': {'num_run': 0, 'core': -1}, '8144': {'num_run': 0, 'core': -1}, '15672': {'num_run': 0, 'core': -1}, '5464': {'num_run': 0, 'core': -1}, '15912': {'num_run': 0, 'core': -1}, '5132': {'num_run': 0, 'core': -1}, '14228': {'num_run': 0, 'core': -1}, '12928': {'num_run': 0, 'core': -1}, '17528': {'num_run': 0, 'core': -1}, '17888': {'num_run': 0, 'core': -1}, '17500': {'num_run': 0, 'core': -1}}}, 'node_index': '26', 'op_name': 'MemcpyFromHost', 'activation_size': '8', 'input_type_shape': [{'int64': [1, 1]}], 'provider': 'WebGpuExecutionProvider', 'parameter_size': '0'}

       0.082 ms  Memcpy_kernel_time
    category: Node
    args: {'provider': 'WebGpuExecutionProvider', 'activation_size': '8', 'node_index': '26', 'parameter_size': '0', 'input_type_shape': [{'int64': [1, 1]}], 'output_type_shape': [{'int64': [1, 1]}], 'output_size': '8', 'thread_scheduling_stats': {'main_thread': {'thread_pool_name': 'session-3-intra-op', 'thread_id': '7420', 'block_size': [], 'core': 0, 'Distribution': 0, 'DistributionEnqueue': 0, 'Run': 0, 'Wait': 0, 'WaitRevoke': 0}, 'sub_threads': {'15608': {'num_run': 0, 'core': -1}, '7876': {'num_run': 0, 'core': -1}, '16020': {'num_run': 0, 'core': -1}, '11772': {'num_run': 0, 'core': -1}, '7348': {'num_run': 0, 'core': -1}, '8144': {'num_run': 0, 'core': -1}, '15672': {'num_run': 0, 'core': -1}, '5464': {'num_run': 0, 'core': -1}, '15912': {'num_run': 0, 'core': -1}, '5132': {'num_run': 0, 'core': -1}, '14228': {'num_run': 0, 'core': -1}, '12928': {'num_run': 0, 'core': -1}, '17528': {'num_run': 0, 'core': -1}, '17888': {'num_run': 0, 'core': -1}, '17500': {'num_run': 0, 'core': -1}}}, 'op_name': 'MemcpyFromHost'}

       0.078 ms  Memcpy_kernel_time
    category: Node
    args: {'thread_scheduling_stats': {'main_thread': {'thread_pool_name': 'session-3-intra-op', 'thread_id': '7420', 'block_size': [], 'core': 0, 'Distribution': 0, 'DistributionEnqueue': 0, 'Run': 0, 'Wait': 0, 'WaitRevoke': 0}, 'sub_threads': {'15608': {'num_run': 0, 'core': -1}, '7876': {'num_run': 0, 'core': -1}, '16020': {'num_run': 0, 'core': -1}, '11772': {'num_run': 0, 'core': -1}, '7348': {'num_run': 0, 'core': -1}, '8144': {'num_run': 0, 'core': -1}, '15672': {'num_run': 0, 'core': -1}, '5464': {'num_run': 0, 'core': -1}, '15912': {'num_run': 0, 'core': -1}, '5132': {'num_run': 0, 'core': -1}, '14228': {'num_run': 0, 'core': -1}, '12928': {'num_run': 0, 'core': -1}, '17528': {'num_run': 0, 'core': -1}, '17888': {'num_run': 0, 'core': -1}, '17500': {'num_run': 0, 'core': -1}}}, 'node_index': '26', 'input_type_shape': [{'int64': [1, 1]}], 'provider': 'WebGpuExecutionProvider', 'activation_size': '8', 'parameter_size': '0', 'op_name': 'MemcpyFromHost', 'output_type_shape': [{'int64': [1, 1]}], 'output_size': '8'}

       0.077 ms  Memcpy_kernel_time
    category: Node
    args: {'thread_scheduling_stats': {'main_thread': {'thread_pool_name': 'session-3-intra-op', 'thread_id': '7420', 'block_size': [], 'core': 0, 'Distribution': 0, 'DistributionEnqueue': 0, 'Run': 0, 'Wait': 0, 'WaitRevoke': 0}, 'sub_threads': {'15608': {'num_run': 0, 'core': -1}, '7876': {'num_run': 0, 'core': -1}, '16020': {'num_run': 0, 'core': -1}, '11772': {'num_run': 0, 'core': -1}, '7348': {'num_run': 0, 'core': -1}, '8144': {'num_run': 0, 'core': -1}, '15672': {'num_run': 0, 'core': -1}, '5464': {'num_run': 0, 'core': -1}, '15912': {'num_run': 0, 'core': -1}, '5132': {'num_run': 0, 'core': -1}, '14228': {'num_run': 0, 'core': -1}, '12928': {'num_run': 0, 'core': -1}, '17528': {'num_run': 0, 'core': -1}, '17888': {'num_run': 0, 'core': -1}, '17500': {'num_run': 0, 'core': -1}}}, 'op_name': 'MemcpyFromHost', 'input_type_shape': [{'int64': [1, 1]}], 'output_type_shape': [{'int64': [1, 1]}], 'provider': 'WebGpuExecutionProvider', 'node_index': '26', 'activation_size': '8', 'output_size': '8', 'parameter_size': '0'}

       0.083 ms  Memcpy_kernel_time
    category: Node
    args: {'output_size': '8', 'input_type_shape': [{'int64': [1, 1]}], 'thread_scheduling_stats': {'main_thread': {'thread_pool_name': 'session-3-intra-op', 'thread_id': '7420', 'block_size': [], 'core': 0, 'Distribution': 0, 'DistributionEnqueue': 0, 'Run': 0, 'Wait': 0, 'WaitRevoke': 0}, 'sub_threads': {'15608': {'num_run': 0, 'core': -1}, '7876': {'num_run': 0, 'core': -1}, '16020': {'num_run': 0, 'core': -1}, '11772': {'num_run': 0, 'core': -1}, '7348': {'num_run': 0, 'core': -1}, '8144': {'num_run': 0, 'core': -1}, '15672': {'num_run': 0, 'core': -1}, '5464': {'num_run': 0, 'core': -1}, '15912': {'num_run': 0, 'core': -1}, '5132': {'num_run': 0, 'core': -1}, '14228': {'num_run': 0, 'core': -1}, '12928': {'num_run': 0, 'core': -1}, '17528': {'num_run': 0, 'core': -1}, '17888': {'num_run': 0, 'core': -1}, '17500': {'num_run': 0, 'core': -1}}}, 'provider': 'WebGpuExecutionProvider', 'parameter_size': '0', 'output_type_shape': [{'int64': [1, 1]}], 'node_index': '26', 'op_name': 'MemcpyFromHost', 'activation_size': '8'}

       0.081 ms  Memcpy_kernel_time
    category: Node
    args: {'output_type_shape': [{'int64': [1, 1]}], 'input_type_shape': [{'int64': [1, 1]}], 'node_index': '26', 'activation_size': '8', 'op_name': 'MemcpyFromHost', 'output_size': '8', 'provider': 'WebGpuExecutionProvider', 'parameter_size': '0', 'thread_scheduling_stats': {'main_thread': {'thread_pool_name': 'session-3-intra-op', 'thread_id': '7420', 'block_size': [], 'core': 0, 'Distribution': 0, 'DistributionEnqueue': 0, 'Run': 0, 'Wait': 0, 'WaitRevoke': 0}, 'sub_threads': {'15608': {'num_run': 0, 'core': -1}, '7876': {'num_run': 0, 'core': -1}, '16020': {'num_run': 0, 'core': -1}, '11772': {'num_run': 0, 'core': -1}, '7348': {'num_run': 0, 'core': -1}, '8144': {'num_run': 0, 'core': -1}, '15672': {'num_run': 0, 'core': -1}, '5464': {'num_run': 0, 'core': -1}, '15912': {'num_run': 0, 'core': -1}, '5132': {'num_run': 0, 'core': -1}, '14228': {'num_run': 0, 'core': -1}, '12928': {'num_run': 0, 'core': -1}, '17528': {'num_run': 0, 'core': -1}, '17888': {'num_run': 0, 'core': -1}, '17500': {'num_run': 0, 'core': -1}}}}

       0.071 ms  Memcpy_kernel_time
    category: Node
    args: {'output_type_shape': [{'int64': [1, 1]}], 'input_type_shape': [{'int64': [1, 1]}], 'parameter_size': '0', 'output_size': '8', 'node_index': '26', 'activation_size': '8', 'thread_scheduling_stats': {'main_thread': {'thread_pool_name': 'session-3-intra-op', 'thread_id': '7420', 'block_size': [], 'core': 0, 'Distribution': 0, 'DistributionEnqueue': 0, 'Run': 0, 'Wait': 0, 'WaitRevoke': 0}, 'sub_threads': {'15608': {'num_run': 0, 'core': -1}, '7876': {'num_run': 0, 'core': -1}, '16020': {'num_run': 0, 'core': -1}, '11772': {'num_run': 0, 'core': -1}, '7348': {'num_run': 0, 'core': -1}, '8144': {'num_run': 0, 'core': -1}, '15672': {'num_run': 0, 'core': -1}, '5464': {'num_run': 0, 'core': -1}, '15912': {'num_run': 0, 'core': -1}, '5132': {'num_run': 0, 'core': -1}, '14228': {'num_run': 0, 'core': -1}, '12928': {'num_run': 0, 'core': -1}, '17528': {'num_run': 0, 'core': -1}, '17888': {'num_run': 0, 'core': -1}, '17500': {'num_run': 0, 'core': -1}}}, 'op_name': 'MemcpyFromHost', 'provider': 'WebGpuExecutionProvider'}

       0.080 ms  Memcpy_kernel_time
    category: Node
    args: {'thread_scheduling_stats': {'main_thread': {'thread_pool_name': 'session-3-intra-op', 'thread_id': '7420', 'block_size': [], 'core': 0, 'Distribution': 0, 'DistributionEnqueue': 0, 'Run': 0, 'Wait': 0, 'WaitRevoke': 0}, 'sub_threads': {'15608': {'num_run': 0, 'core': -1}, '7876': {'num_run': 0, 'core': -1}, '16020': {'num_run': 0, 'core': -1}, '11772': {'num_run': 0, 'core': -1}, '7348': {'num_run': 0, 'core': -1}, '8144': {'num_run': 0, 'core': -1}, '15672': {'num_run': 0, 'core': -1}, '5464': {'num_run': 0, 'core': -1}, '15912': {'num_run': 0, 'core': -1}, '5132': {'num_run': 0, 'core': -1}, '14228': {'num_run': 0, 'core': -1}, '12928': {'num_run': 0, 'core': -1}, '17528': {'num_run': 0, 'core': -1}, '17888': {'num_run': 0, 'core': -1}, '17500': {'num_run': 0, 'core': -1}}}, 'op_name': 'MemcpyFromHost', 'input_type_shape': [{'int64': [1, 1]}], 'parameter_size': '0', 'output_type_shape': [{'int64': [1, 1]}], 'node_index': '26', 'activation_size': '8', 'provider': 'WebGpuExecutionProvider', 'output_size': '8'}

       0.074 ms  Memcpy_kernel_time
    category: Node
    args: {'output_size': '8', 'activation_size': '8', 'parameter_size': '0', 'thread_scheduling_stats': {'main_thread': {'thread_pool_name': 'session-3-intra-op', 'thread_id': '7420', 'block_size': [], 'core': 0, 'Distribution': 0, 'DistributionEnqueue': 0, 'Run': 0, 'Wait': 0, 'WaitRevoke': 0}, 'sub_threads': {'15608': {'num_run': 0, 'core': -1}, '7876': {'num_run': 0, 'core': -1}, '16020': {'num_run': 0, 'core': -1}, '11772': {'num_run': 0, 'core': -1}, '7348': {'num_run': 0, 'core': -1}, '8144': {'num_run': 0, 'core': -1}, '15672': {'num_run': 0, 'core': -1}, '5464': {'num_run': 0, 'core': -1}, '15912': {'num_run': 0, 'core': -1}, '5132': {'num_run': 0, 'core': -1}, '14228': {'num_run': 0, 'core': -1}, '12928': {'num_run': 0, 'core': -1}, '17528': {'num_run': 0, 'core': -1}, '17888': {'num_run': 0, 'core': -1}, '17500': {'num_run': 0, 'core': -1}}}, 'op_name': 'MemcpyFromHost', 'node_index': '26', 'output_type_shape': [{'int64': [1, 1]}], 'input_type_shape': [{'int64': [1, 1]}], 'provider': 'WebGpuExecutionProvider'}

       0.083 ms  Memcpy_kernel_time
    category: Node
    args: {'op_name': 'MemcpyFromHost', 'output_size': '8', 'node_index': '26', 'activation_size': '8', 'output_type_shape': [{'int64': [1, 1]}], 'parameter_size': '0', 'input_type_shape': [{'int64': [1, 1]}], 'provider': 'WebGpuExecutionProvider', 'thread_scheduling_stats': {'main_thread': {'thread_pool_name': 'session-3-intra-op', 'thread_id': '7420', 'block_size': [], 'core': 0, 'Distribution': 0, 'DistributionEnqueue': 0, 'Run': 0, 'Wait': 0, 'WaitRevoke': 0}, 'sub_threads': {'15608': {'num_run': 0, 'core': -1}, '7876': {'num_run': 0, 'core': -1}, '16020': {'num_run': 0, 'core': -1}, '11772': {'num_run': 0, 'core': -1}, '7348': {'num_run': 0, 'core': -1}, '8144': {'num_run': 0, 'core': -1}, '15672': {'num_run': 0, 'core': -1}, '5464': {'num_run': 0, 'core': -1}, '15912': {'num_run': 0, 'core': -1}, '5132': {'num_run': 0, 'core': -1}, '14228': {'num_run': 0, 'core': -1}, '12928': {'num_run': 0, 'core': -1}, '17528': {'num_run': 0, 'core': -1}, '17888': {'num_run': 0, 'core': -1}, '17500': {'num_run': 0, 'core': -1}}}}

       0.081 ms  Memcpy_kernel_time
    category: Node
    args: {'thread_scheduling_stats': {'main_thread': {'thread_pool_name': 'session-3-intra-op', 'thread_id': '7420', 'block_size': [], 'core': 0, 'Distribution': 0, 'DistributionEnqueue': 0, 'Run': 0, 'Wait': 0, 'WaitRevoke': 0}, 'sub_threads': {'15608': {'num_run': 0, 'core': -1}, '7876': {'num_run': 0, 'core': -1}, '16020': {'num_run': 0, 'core': -1}, '11772': {'num_run': 0, 'core': -1}, '7348': {'num_run': 0, 'core': -1}, '8144': {'num_run': 0, 'core': -1}, '15672': {'num_run': 0, 'core': -1}, '5464': {'num_run': 0, 'core': -1}, '15912': {'num_run': 0, 'core': -1}, '5132': {'num_run': 0, 'core': -1}, '14228': {'num_run': 0, 'core': -1}, '12928': {'num_run': 0, 'core': -1}, '17528': {'num_run': 0, 'core': -1}, '17888': {'num_run': 0, 'core': -1}, '17500': {'num_run': 0, 'core': -1}}}, 'op_name': 'MemcpyFromHost', 'provider': 'WebGpuExecutionProvider', 'output_size': '8', 'input_type_shape': [{'int64': [1, 1]}], 'output_type_shape': [{'int64': [1, 1]}], 'node_index': '26', 'activation_size': '8', 'parameter_size': '0'}

       0.083 ms  Memcpy_kernel_time
    category: Node
    args: {'node_index': '26', 'output_type_shape': [{'int64': [1, 1]}], 'output_size': '8', 'thread_scheduling_stats': {'main_thread': {'thread_pool_name': 'session-3-intra-op', 'thread_id': '7420', 'block_size': [], 'core': 0, 'Distribution': 0, 'DistributionEnqueue': 0, 'Run': 0, 'Wait': 0, 'WaitRevoke': 0}, 'sub_threads': {'15608': {'num_run': 0, 'core': -1}, '7876': {'num_run': 0, 'core': -1}, '16020': {'num_run': 0, 'core': -1}, '11772': {'num_run': 0, 'core': -1}, '7348': {'num_run': 0, 'core': -1}, '8144': {'num_run': 0, 'core': -1}, '15672': {'num_run': 0, 'core': -1}, '5464': {'num_run': 0, 'core': -1}, '15912': {'num_run': 0, 'core': -1}, '5132': {'num_run': 0, 'core': -1}, '14228': {'num_run': 0, 'core': -1}, '12928': {'num_run': 0, 'core': -1}, '17528': {'num_run': 0, 'core': -1}, '17888': {'num_run': 0, 'core': -1}, '17500': {'num_run': 0, 'core': -1}}}, 'input_type_shape': [{'int64': [1, 1]}], 'activation_size': '8', 'op_name': 'MemcpyFromHost', 'provider': 'WebGpuExecutionProvider', 'parameter_size': '0'}

       0.081 ms  Memcpy_kernel_time
    category: Node
    args: {'node_index': '26', 'input_type_shape': [{'int64': [1, 1]}], 'output_type_shape': [{'int64': [1, 1]}], 'parameter_size': '0', 'provider': 'WebGpuExecutionProvider', 'thread_scheduling_stats': {'main_thread': {'thread_pool_name': 'session-3-intra-op', 'thread_id': '7420', 'block_size': [], 'core': 0, 'Distribution': 0, 'DistributionEnqueue': 0, 'Run': 0, 'Wait': 0, 'WaitRevoke': 0}, 'sub_threads': {'15608': {'num_run': 0, 'core': -1}, '7876': {'num_run': 0, 'core': -1}, '16020': {'num_run': 0, 'core': -1}, '11772': {'num_run': 0, 'core': -1}, '7348': {'num_run': 0, 'core': -1}, '8144': {'num_run': 0, 'core': -1}, '15672': {'num_run': 0, 'core': -1}, '5464': {'num_run': 0, 'core': -1}, '15912': {'num_run': 0, 'core': -1}, '5132': {'num_run': 0, 'core': -1}, '14228': {'num_run': 0, 'core': -1}, '12928': {'num_run': 0, 'core': -1}, '17528': {'num_run': 0, 'core': -1}, '17888': {'num_run': 0, 'core': -1}, '17500': {'num_run': 0, 'core': -1}}}, 'op_name': 'MemcpyFromHost', 'output_size': '8', 'activation_size': '8'}

       0.076 ms  Memcpy_kernel_time
    category: Node
    args: {'activation_size': '8', 'output_size': '8', 'node_index': '26', 'op_name': 'MemcpyFromHost', 'output_type_shape': [{'int64': [1, 1]}], 'parameter_size': '0', 'provider': 'WebGpuExecutionProvider', 'input_type_shape': [{'int64': [1, 1]}], 'thread_scheduling_stats': {'main_thread': {'thread_pool_name': 'session-3-intra-op', 'thread_id': '7420', 'block_size': [], 'core': 0, 'Distribution': 0, 'DistributionEnqueue': 0, 'Run': 0, 'Wait': 0, 'WaitRevoke': 0}, 'sub_threads': {'15608': {'num_run': 0, 'core': -1}, '7876': {'num_run': 0, 'core': -1}, '16020': {'num_run': 0, 'core': -1}, '11772': {'num_run': 0, 'core': -1}, '7348': {'num_run': 0, 'core': -1}, '8144': {'num_run': 0, 'core': -1}, '15672': {'num_run': 0, 'core': -1}, '5464': {'num_run': 0, 'core': -1}, '15912': {'num_run': 0, 'core': -1}, '5132': {'num_run': 0, 'core': -1}, '14228': {'num_run': 0, 'core': -1}, '12928': {'num_run': 0, 'core': -1}, '17528': {'num_run': 0, 'core': -1}, '17888': {'num_run': 0, 'core': -1}, '17500': {'num_run': 0, 'core': -1}}}}

       0.074 ms  Memcpy_kernel_time
    category: Node
    args: {'thread_scheduling_stats': {'main_thread': {'thread_pool_name': 'session-3-intra-op', 'thread_id': '7420', 'block_size': [], 'core': 0, 'Distribution': 0, 'DistributionEnqueue': 0, 'Run': 0, 'Wait': 0, 'WaitRevoke': 0}, 'sub_threads': {'15608': {'num_run': 0, 'core': -1}, '7876': {'num_run': 0, 'core': -1}, '16020': {'num_run': 0, 'core': -1}, '11772': {'num_run': 0, 'core': -1}, '7348': {'num_run': 0, 'core': -1}, '8144': {'num_run': 0, 'core': -1}, '15672': {'num_run': 0, 'core': -1}, '5464': {'num_run': 0, 'core': -1}, '15912': {'num_run': 0, 'core': -1}, '5132': {'num_run': 0, 'core': -1}, '14228': {'num_run': 0, 'core': -1}, '12928': {'num_run': 0, 'core': -1}, '17528': {'num_run': 0, 'core': -1}, '17888': {'num_run': 0, 'core': -1}, '17500': {'num_run': 0, 'core': -1}}}, 'provider': 'WebGpuExecutionProvider', 'output_type_shape': [{'int64': [1, 1]}], 'node_index': '26', 'parameter_size': '0', 'output_size': '8', 'activation_size': '8', 'op_name': 'MemcpyFromHost', 'input_type_shape': [{'int64': [1, 1]}]}

       0.078 ms  Memcpy_kernel_time
    category: Node
    args: {'op_name': 'MemcpyFromHost', 'provider': 'WebGpuExecutionProvider', 'node_index': '26', 'activation_size': '8', 'thread_scheduling_stats': {'main_thread': {'thread_pool_name': 'session-3-intra-op', 'thread_id': '7420', 'block_size': [], 'core': 0, 'Distribution': 0, 'DistributionEnqueue': 0, 'Run': 0, 'Wait': 0, 'WaitRevoke': 0}, 'sub_threads': {'15608': {'num_run': 0, 'core': -1}, '7876': {'num_run': 0, 'core': -1}, '16020': {'num_run': 0, 'core': -1}, '11772': {'num_run': 0, 'core': -1}, '7348': {'num_run': 0, 'core': -1}, '8144': {'num_run': 0, 'core': -1}, '15672': {'num_run': 0, 'core': -1}, '5464': {'num_run': 0, 'core': -1}, '15912': {'num_run': 0, 'core': -1}, '5132': {'num_run': 0, 'core': -1}, '14228': {'num_run': 0, 'core': -1}, '12928': {'num_run': 0, 'core': -1}, '17528': {'num_run': 0, 'core': -1}, '17888': {'num_run': 0, 'core': -1}, '17500': {'num_run': 0, 'core': -1}}}, 'output_type_shape': [{'int64': [1, 1]}], 'parameter_size': '0', 'input_type_shape': [{'int64': [1, 1]}], 'output_size': '8'}

       0.072 ms  Memcpy_kernel_time
    category: Node
    args: {'parameter_size': '0', 'output_type_shape': [{'int64': [1, 1]}], 'thread_scheduling_stats': {'main_thread': {'thread_pool_name': 'session-3-intra-op', 'thread_id': '7420', 'block_size': [], 'core': 0, 'Distribution': 0, 'DistributionEnqueue': 0, 'Run': 0, 'Wait': 0, 'WaitRevoke': 0}, 'sub_threads': {'15608': {'num_run': 0, 'core': -1}, '7876': {'num_run': 0, 'core': -1}, '16020': {'num_run': 0, 'core': -1}, '11772': {'num_run': 0, 'core': -1}, '7348': {'num_run': 0, 'core': -1}, '8144': {'num_run': 0, 'core': -1}, '15672': {'num_run': 0, 'core': -1}, '5464': {'num_run': 0, 'core': -1}, '15912': {'num_run': 0, 'core': -1}, '5132': {'num_run': 0, 'core': -1}, '14228': {'num_run': 0, 'core': -1}, '12928': {'num_run': 0, 'core': -1}, '17528': {'num_run': 0, 'core': -1}, '17888': {'num_run': 0, 'core': -1}, '17500': {'num_run': 0, 'core': -1}}}, 'provider': 'WebGpuExecutionProvider', 'op_name': 'MemcpyFromHost', 'output_size': '8', 'activation_size': '8', 'node_index': '26', 'input_type_shape': [{'int64': [1, 1]}]}

       0.180 ms  Memcpy_kernel_time
    category: Node
    args: {'activation_size': '8', 'output_size': '8', 'output_type_shape': [{'int64': [1, 1]}], 'provider': 'WebGpuExecutionProvider', 'parameter_size': '0', 'input_type_shape': [{'int64': [1, 1]}], 'op_name': 'MemcpyFromHost', 'node_index': '26', 'thread_scheduling_stats': {'main_thread': {'thread_pool_name': 'session-3-intra-op', 'thread_id': '7420', 'block_size': [], 'core': 0, 'Distribution': 0, 'DistributionEnqueue': 0, 'Run': 0, 'Wait': 0, 'WaitRevoke': 0}, 'sub_threads': {'15608': {'num_run': 0, 'core': -1}, '7876': {'num_run': 0, 'core': -1}, '16020': {'num_run': 0, 'core': -1}, '11772': {'num_run': 0, 'core': -1}, '7348': {'num_run': 0, 'core': -1}, '8144': {'num_run': 0, 'core': -1}, '15672': {'num_run': 0, 'core': -1}, '5464': {'num_run': 0, 'core': -1}, '15912': {'num_run': 0, 'core': -1}, '5132': {'num_run': 0, 'core': -1}, '14228': {'num_run': 0, 'core': -1}, '12928': {'num_run': 0, 'core': -1}, '17528': {'num_run': 0, 'core': -1}, '17888': {'num_run': 0, 'core': -1}, '17500': {'num_run': 0, 'core': -1}}}}

       0.079 ms  Memcpy_kernel_time
    category: Node
    args: {'output_size': '8', 'input_type_shape': [{'int64': [1, 1]}], 'op_name': 'MemcpyFromHost', 'provider': 'WebGpuExecutionProvider', 'thread_scheduling_stats': {'main_thread': {'thread_pool_name': 'session-3-intra-op', 'thread_id': '7420', 'block_size': [], 'core': 0, 'Distribution': 0, 'DistributionEnqueue': 0, 'Run': 0, 'Wait': 0, 'WaitRevoke': 0}, 'sub_threads': {'15608': {'num_run': 0, 'core': -1}, '7876': {'num_run': 0, 'core': -1}, '16020': {'num_run': 0, 'core': -1}, '11772': {'num_run': 0, 'core': -1}, '7348': {'num_run': 0, 'core': -1}, '8144': {'num_run': 0, 'core': -1}, '15672': {'num_run': 0, 'core': -1}, '5464': {'num_run': 0, 'core': -1}, '15912': {'num_run': 0, 'core': -1}, '5132': {'num_run': 0, 'core': -1}, '14228': {'num_run': 0, 'core': -1}, '12928': {'num_run': 0, 'core': -1}, '17528': {'num_run': 0, 'core': -1}, '17888': {'num_run': 0, 'core': -1}, '17500': {'num_run': 0, 'core': -1}}}, 'activation_size': '8', 'node_index': '26', 'parameter_size': '0', 'output_type_shape': [{'int64': [1, 1]}]}

       0.072 ms  Memcpy_kernel_time
    category: Node
    args: {'parameter_size': '0', 'node_index': '26', 'op_name': 'MemcpyFromHost', 'provider': 'WebGpuExecutionProvider', 'input_type_shape': [{'int64': [1, 1]}], 'thread_scheduling_stats': {'main_thread': {'thread_pool_name': 'session-3-intra-op', 'thread_id': '7420', 'block_size': [], 'core': 0, 'Distribution': 0, 'DistributionEnqueue': 0, 'Run': 0, 'Wait': 0, 'WaitRevoke': 0}, 'sub_threads': {'15608': {'num_run': 0, 'core': -1}, '7876': {'num_run': 0, 'core': -1}, '16020': {'num_run': 0, 'core': -1}, '11772': {'num_run': 0, 'core': -1}, '7348': {'num_run': 0, 'core': -1}, '8144': {'num_run': 0, 'core': -1}, '15672': {'num_run': 0, 'core': -1}, '5464': {'num_run': 0, 'core': -1}, '15912': {'num_run': 0, 'core': -1}, '5132': {'num_run': 0, 'core': -1}, '14228': {'num_run': 0, 'core': -1}, '12928': {'num_run': 0, 'core': -1}, '17528': {'num_run': 0, 'core': -1}, '17888': {'num_run': 0, 'core': -1}, '17500': {'num_run': 0, 'core': -1}}}, 'output_type_shape': [{'int64': [1, 1]}], 'activation_size': '8', 'output_size': '8'}

       0.120 ms  Memcpy_kernel_time
    category: Node
    args: {'thread_scheduling_stats': {'main_thread': {'thread_pool_name': 'session-3-intra-op', 'thread_id': '7420', 'block_size': [], 'core': 0, 'Distribution': 0, 'DistributionEnqueue': 0, 'Run': 0, 'Wait': 0, 'WaitRevoke': 0}, 'sub_threads': {'15608': {'num_run': 0, 'core': -1}, '7876': {'num_run': 0, 'core': -1}, '16020': {'num_run': 0, 'core': -1}, '11772': {'num_run': 0, 'core': -1}, '7348': {'num_run': 0, 'core': -1}, '8144': {'num_run': 0, 'core': -1}, '15672': {'num_run': 0, 'core': -1}, '5464': {'num_run': 0, 'core': -1}, '15912': {'num_run': 0, 'core': -1}, '5132': {'num_run': 0, 'core': -1}, '14228': {'num_run': 0, 'core': -1}, '12928': {'num_run': 0, 'core': -1}, '17528': {'num_run': 0, 'core': -1}, '17888': {'num_run': 0, 'core': -1}, '17500': {'num_run': 0, 'core': -1}}}, 'activation_size': '8', 'parameter_size': '0', 'output_type_shape': [{'int64': [1, 1]}], 'output_size': '8', 'op_name': 'MemcpyFromHost', 'node_index': '26', 'provider': 'WebGpuExecutionProvider', 'input_type_shape': [{'int64': [1, 1]}]}

       0.083 ms  Memcpy_kernel_time
    category: Node
    args: {'op_name': 'MemcpyFromHost', 'activation_size': '8', 'input_type_shape': [{'int64': [1, 1]}], 'output_type_shape': [{'int64': [1, 1]}], 'provider': 'WebGpuExecutionProvider', 'output_size': '8', 'node_index': '26', 'parameter_size': '0', 'thread_scheduling_stats': {'main_thread': {'thread_pool_name': 'session-3-intra-op', 'thread_id': '7420', 'block_size': [], 'core': 0, 'Distribution': 0, 'DistributionEnqueue': 0, 'Run': 0, 'Wait': 0, 'WaitRevoke': 0}, 'sub_threads': {'15608': {'num_run': 0, 'core': -1}, '7876': {'num_run': 0, 'core': -1}, '16020': {'num_run': 0, 'core': -1}, '11772': {'num_run': 0, 'core': -1}, '7348': {'num_run': 0, 'core': -1}, '8144': {'num_run': 0, 'core': -1}, '15672': {'num_run': 0, 'core': -1}, '5464': {'num_run': 0, 'core': -1}, '15912': {'num_run': 0, 'core': -1}, '5132': {'num_run': 0, 'core': -1}, '14228': {'num_run': 0, 'core': -1}, '12928': {'num_run': 0, 'core': -1}, '17528': {'num_run': 0, 'core': -1}, '17888': {'num_run': 0, 'core': -1}, '17500': {'num_run': 0, 'core': -1}}}}

       0.077 ms  Memcpy_kernel_time
    category: Node
    args: {'node_index': '26', 'output_type_shape': [{'int64': [1, 1]}], 'output_size': '8', 'parameter_size': '0', 'thread_scheduling_stats': {'main_thread': {'thread_pool_name': 'session-3-intra-op', 'thread_id': '7420', 'block_size': [], 'core': 0, 'Distribution': 0, 'DistributionEnqueue': 0, 'Run': 0, 'Wait': 0, 'WaitRevoke': 0}, 'sub_threads': {'15608': {'num_run': 0, 'core': -1}, '7876': {'num_run': 0, 'core': -1}, '16020': {'num_run': 0, 'core': -1}, '11772': {'num_run': 0, 'core': -1}, '7348': {'num_run': 0, 'core': -1}, '8144': {'num_run': 0, 'core': -1}, '15672': {'num_run': 0, 'core': -1}, '5464': {'num_run': 0, 'core': -1}, '15912': {'num_run': 0, 'core': -1}, '5132': {'num_run': 0, 'core': -1}, '14228': {'num_run': 0, 'core': -1}, '12928': {'num_run': 0, 'core': -1}, '17528': {'num_run': 0, 'core': -1}, '17888': {'num_run': 0, 'core': -1}, '17500': {'num_run': 0, 'core': -1}}}, 'input_type_shape': [{'int64': [1, 1]}], 'op_name': 'MemcpyFromHost', 'provider': 'WebGpuExecutionProvider', 'activation_size': '8'}

       0.002 ms  /decoder/dec_rnn/lstm/LSTM&LSTM&LstmStateCopy
    category: Api
    args: {'shapes': 'inputs[0] = {1,1,640} outputs[0] = {1,640} ', 'cache_key': 'LstmStateCopy[from|0]:256,1,1:1:1|1|1|1:0;:'}

       0.002 ms  /decoder/dec_rnn/lstm/LSTM&LSTM&LstmStateCopy
    category: Api
    args: {'cache_key': 'LstmStateCopy[from|0]:256,1,1:1:1|1|1|1:0;:', 'shapes': 'inputs[0] = {1,1,640} outputs[0] = {1,640} '}

       0.002 ms  /decoder/dec_rnn/lstm/LSTM&LSTM&LstmStateCopy
    category: Api
    args: {'shapes': 'inputs[0] = {1,640} outputs[0] = {1,1,640} ', 'cache_key': 'LstmStateCopy[to|0|0]:256,1,1:1:1|1|1|1:0;:'}

       0.002 ms  /decoder/dec_rnn/lstm/LSTM&LSTM&LstmStateCopy
    category: Api
    args: {'cache_key': 'LstmStateCopy[to|0|0]:256,1,1:1:1|1|1|1:0;:', 'shapes': 'inputs[0] = {1,640} outputs[0] = {1,1,640} '}

       0.002 ms  /decoder/dec_rnn/lstm/LSTM_1&LSTM&LstmStateCopy
    category: Api
    args: {'shapes': 'inputs[0] = {1,1,640} outputs[0] = {1,640} ', 'cache_key': 'LstmStateCopy[from|0]:256,1,1:1:1|1|1|1:0;:'}

       0.002 ms  /decoder/dec_rnn/lstm/LSTM_1&LSTM&LstmStateCopy
    category: Api
    args: {'cache_key': 'LstmStateCopy[from|0]:256,1,1:1:1|1|1|1:0;:', 'shapes': 'inputs[0] = {1,1,640} outputs[0] = {1,640} '}

       0.002 ms  /decoder/dec_rnn/lstm/LSTM_1&LSTM&LstmStateCopy
    category: Api
    args: {'shapes': 'inputs[0] = {1,640} outputs[0] = {1,1,640} ', 'cache_key': 'LstmStateCopy[to|0|0]:256,1,1:1:1|1|1|1:0;:'}

       0.002 ms  /decoder/dec_rnn/lstm/LSTM_1&LSTM&LstmStateCopy
    category: Api
    args: {'cache_key': 'LstmStateCopy[to|0|0]:256,1,1:1:1|1|1|1:0;:', 'shapes': 'inputs[0] = {1,640} outputs[0] = {1,1,640} '}

       0.002 ms  /decoder/dec_rnn/lstm/LSTM&LSTM&LstmStateCopy
    category: Api
    args: {'shapes': 'inputs[0] = {1,1,640} outputs[0] = {1,640} ', 'cache_key': 'LstmStateCopy[from|0]:256,1,1:1:1|1|1|1:0;:'}

       0.002 ms  /decoder/dec_rnn/lstm/LSTM&LSTM&LstmStateCopy
    category: Api
    args: {'cache_key': 'LstmStateCopy[from|0]:256,1,1:1:1|1|1|1:0;:', 'shapes': 'inputs[0] = {1,1,640} outputs[0] = {1,640} '}

       0.004 ms  /decoder/dec_rnn/lstm/LSTM&LSTM&LstmStateCopy
    category: Api
    args: {'cache_key': 'LstmStateCopy[to|0|0]:256,1,1:1:1|1|1|1:0;:', 'shapes': 'inputs[0] = {1,640} outputs[0] = {1,1,640} '}

       0.002 ms  /decoder/dec_rnn/lstm/LSTM&LSTM&LstmStateCopy
    category: Api
    args: {'shapes': 'inputs[0] = {1,640} outputs[0] = {1,1,640} ', 'cache_key': 'LstmStateCopy[to|0|0]:256,1,1:1:1|1|1|1:0;:'}

       0.002 ms  /decoder/dec_rnn/lstm/LSTM_1&LSTM&LstmStateCopy
    category: Api
    args: {'cache_key': 'LstmStateCopy[from|0]:256,1,1:1:1|1|1|1:0;:', 'shapes': 'inputs[0] = {1,1,640} outputs[0] = {1,640} '}

       0.002 ms  /decoder/dec_rnn/lstm/LSTM_1&LSTM&LstmStateCopy
    category: Api
    args: {'shapes': 'inputs[0] = {1,1,640} outputs[0] = {1,640} ', 'cache_key': 'LstmStateCopy[from|0]:256,1,1:1:1|1|1|1:0;:'}

       0.114 ms  /decoder/dec_rnn/lstm/LSTM_1&LSTM&LstmStateCopy
    category: Api
    args: {'shapes': 'inputs[0] = {1,640} outputs[0] = {1,1,640} ', 'cache_key': 'LstmStateCopy[to|0|0]:256,1,1:1:1|1|1|1:0;:'}

       0.002 ms  /decoder/dec_rnn/lstm/LSTM_1&LSTM&LstmStateCopy
    category: Api
    args: {'cache_key': 'LstmStateCopy[to|0|0]:256,1,1:1:1|1|1|1:0;:', 'shapes': 'inputs[0] = {1,640} outputs[0] = {1,1,640} '}

       0.002 ms  /decoder/dec_rnn/lstm/LSTM&LSTM&LstmStateCopy
    category: Api
    args: {'cache_key': 'LstmStateCopy[from|0]:256,1,1:1:1|1|1|1:0;:', 'shapes': 'inputs[0] = {1,1,640} outputs[0] = {1,640} '}

       0.002 ms  /decoder/dec_rnn/lstm/LSTM&LSTM&LstmStateCopy
    category: Api
    args: {'shapes': 'inputs[0] = {1,1,640} outputs[0] = {1,640} ', 'cache_key': 'LstmStateCopy[from|0]:256,1,1:1:1|1|1|1:0;:'}

       0.002 ms  /decoder/dec_rnn/lstm/LSTM&LSTM&LstmStateCopy
    category: Api
    args: {'cache_key': 'LstmStateCopy[to|0|0]:256,1,1:1:1|1|1|1:0;:', 'shapes': 'inputs[0] = {1,640} outputs[0] = {1,1,640} '}

       0.001 ms  /decoder/dec_rnn/lstm/LSTM&LSTM&LstmStateCopy
    category: Api
    args: {'cache_key': 'LstmStateCopy[to|0|0]:256,1,1:1:1|1|1|1:0;:', 'shapes': 'inputs[0] = {1,640} outputs[0] = {1,1,640} '}

       0.002 ms  /decoder/dec_rnn/lstm/LSTM_1&LSTM&LstmStateCopy
    category: Api
    args: {'shapes': 'inputs[0] = {1,1,640} outputs[0] = {1,640} ', 'cache_key': 'LstmStateCopy[from|0]:256,1,1:1:1|1|1|1:0;:'}

       0.002 ms  /decoder/dec_rnn/lstm/LSTM_1&LSTM&LstmStateCopy
    category: Api
    args: {'cache_key': 'LstmStateCopy[from|0]:256,1,1:1:1|1|1|1:0;:', 'shapes': 'inputs[0] = {1,1,640} outputs[0] = {1,640} '}

       0.004 ms  /decoder/dec_rnn/lstm/LSTM_1&LSTM&LstmStateCopy
    category: Api
    args: {'cache_key': 'LstmStateCopy[to|0|0]:256,1,1:1:1|1|1|1:0;:', 'shapes': 'inputs[0] = {1,640} outputs[0] = {1,1,640} '}

       0.002 ms  /decoder/dec_rnn/lstm/LSTM_1&LSTM&LstmStateCopy
    category: Api
    args: {'shapes': 'inputs[0] = {1,640} outputs[0] = {1,1,640} ', 'cache_key': 'LstmStateCopy[to|0|0]:256,1,1:1:1|1|1|1:0;:'}

       0.002 ms  /decoder/dec_rnn/lstm/LSTM&LSTM&LstmStateCopy
    category: Api
    args: {'cache_key': 'LstmStateCopy[from|0]:256,1,1:1:1|1|1|1:0;:', 'shapes': 'inputs[0] = {1,1,640} outputs[0] = {1,640} '}

       0.002 ms  /decoder/dec_rnn/lstm/LSTM&LSTM&LstmStateCopy
    category: Api
    args: {'shapes': 'inputs[0] = {1,1,640} outputs[0] = {1,640} ', 'cache_key': 'LstmStateCopy[from|0]:256,1,1:1:1|1|1|1:0;:'}

       0.002 ms  /decoder/dec_rnn/lstm/LSTM&LSTM&LstmStateCopy
    category: Api
    args: {'cache_key': 'LstmStateCopy[to|0|0]:256,1,1:1:1|1|1|1:0;:', 'shapes': 'inputs[0] = {1,640} outputs[0] = {1,1,640} '}

       0.002 ms  /decoder/dec_rnn/lstm/LSTM&LSTM&LstmStateCopy
    category: Api
    args: {'shapes': 'inputs[0] = {1,640} outputs[0] = {1,1,640} ', 'cache_key': 'LstmStateCopy[to|0|0]:256,1,1:1:1|1|1|1:0;:'}

       0.002 ms  /decoder/dec_rnn/lstm/LSTM_1&LSTM&LstmStateCopy
    category: Api
    args: {'shapes': 'inputs[0] = {1,1,640} outputs[0] = {1,640} ', 'cache_key': 'LstmStateCopy[from|0]:256,1,1:1:1|1|1|1:0;:'}

       0.002 ms  /decoder/dec_rnn/lstm/LSTM_1&LSTM&LstmStateCopy
    category: Api
    args: {'shapes': 'inputs[0] = {1,1,640} outputs[0] = {1,640} ', 'cache_key': 'LstmStateCopy[from|0]:256,1,1:1:1|1|1|1:0;:'}

       0.002 ms  /decoder/dec_rnn/lstm/LSTM_1&LSTM&LstmStateCopy
    category: Api
    args: {'shapes': 'inputs[0] = {1,640} outputs[0] = {1,1,640} ', 'cache_key': 'LstmStateCopy[to|0|0]:256,1,1:1:1|1|1|1:0;:'}

       0.002 ms  /decoder/dec_rnn/lstm/LSTM_1&LSTM&LstmStateCopy
    category: Api
    args: {'shapes': 'inputs[0] = {1,640} outputs[0] = {1,1,640} ', 'cache_key': 'LstmStateCopy[to|0|0]:256,1,1:1:1|1|1|1:0;:'}

       0.002 ms  /decoder/dec_rnn/lstm/LSTM&LSTM&LstmStateCopy
    category: Api
    args: {'shapes': 'inputs[0] = {1,1,640} outputs[0] = {1,640} ', 'cache_key': 'LstmStateCopy[from|0]:256,1,1:1:1|1|1|1:0;:'}

       0.002 ms  /decoder/dec_rnn/lstm/LSTM&LSTM&LstmStateCopy
    category: Api
    args: {'cache_key': 'LstmStateCopy[from|0]:256,1,1:1:1|1|1|1:0;:', 'shapes': 'inputs[0] = {1,1,640} outputs[0] = {1,640} '}

       0.002 ms  /decoder/dec_rnn/lstm/LSTM&LSTM&LstmStateCopy
    category: Api
    args: {'cache_key': 'LstmStateCopy[to|0|0]:256,1,1:1:1|1|1|1:0;:', 'shapes': 'inputs[0] = {1,640} outputs[0] = {1,1,640} '}

       0.002 ms  /decoder/dec_rnn/lstm/LSTM&LSTM&LstmStateCopy
    category: Api
    args: {'shapes': 'inputs[0] = {1,640} outputs[0] = {1,1,640} ', 'cache_key': 'LstmStateCopy[to|0|0]:256,1,1:1:1|1|1|1:0;:'}

       0.002 ms  /decoder/dec_rnn/lstm/LSTM_1&LSTM&LstmStateCopy
    category: Api
    args: {'cache_key': 'LstmStateCopy[from|0]:256,1,1:1:1|1|1|1:0;:', 'shapes': 'inputs[0] = {1,1,640} outputs[0] = {1,640} '}

       0.002 ms  /decoder/dec_rnn/lstm/LSTM_1&LSTM&LstmStateCopy
    category: Api
    args: {'cache_key': 'LstmStateCopy[from|0]:256,1,1:1:1|1|1|1:0;:', 'shapes': 'inputs[0] = {1,1,640} outputs[0] = {1,640} '}

       0.004 ms  /decoder/dec_rnn/lstm/LSTM_1&LSTM&LstmStateCopy
    category: Api
    args: {'shapes': 'inputs[0] = {1,640} outputs[0] = {1,1,640} ', 'cache_key': 'LstmStateCopy[to|0|0]:256,1,1:1:1|1|1|1:0;:'}

       0.002 ms  /decoder/dec_rnn/lstm/LSTM_1&LSTM&LstmStateCopy
    category: Api
    args: {'shapes': 'inputs[0] = {1,640} outputs[0] = {1,1,640} ', 'cache_key': 'LstmStateCopy[to|0|0]:256,1,1:1:1|1|1|1:0;:'}

       0.002 ms  /decoder/dec_rnn/lstm/LSTM&LSTM&LstmStateCopy
    category: Api
    args: {'cache_key': 'LstmStateCopy[from|0]:256,1,1:1:1|1|1|1:0;:', 'shapes': 'inputs[0] = {1,1,640} outputs[0] = {1,640} '}

       0.002 ms  /decoder/dec_rnn/lstm/LSTM&LSTM&LstmStateCopy
    category: Api
    args: {'cache_key': 'LstmStateCopy[from|0]:256,1,1:1:1|1|1|1:0;:', 'shapes': 'inputs[0] = {1,1,640} outputs[0] = {1,640} '}

       0.002 ms  /decoder/dec_rnn/lstm/LSTM&LSTM&LstmStateCopy
    category: Api
    args: {'cache_key': 'LstmStateCopy[to|0|0]:256,1,1:1:1|1|1|1:0;:', 'shapes': 'inputs[0] = {1,640} outputs[0] = {1,1,640} '}

       0.002 ms  /decoder/dec_rnn/lstm/LSTM&LSTM&LstmStateCopy
    category: Api
    args: {'cache_key': 'LstmStateCopy[to|0|0]:256,1,1:1:1|1|1|1:0;:', 'shapes': 'inputs[0] = {1,640} outputs[0] = {1,1,640} '}

       0.002 ms  /decoder/dec_rnn/lstm/LSTM_1&LSTM&LstmStateCopy
    category: Api
    args: {'cache_key': 'LstmStateCopy[from|0]:256,1,1:1:1|1|1|1:0;:', 'shapes': 'inputs[0] = {1,1,640} outputs[0] = {1,640} '}

       0.002 ms  /decoder/dec_rnn/lstm/LSTM_1&LSTM&LstmStateCopy
    category: Api
    args: {'cache_key': 'LstmStateCopy[from|0]:256,1,1:1:1|1|1|1:0;:', 'shapes': 'inputs[0] = {1,1,640} outputs[0] = {1,640} '}

       0.002 ms  /decoder/dec_rnn/lstm/LSTM_1&LSTM&LstmStateCopy
    category: Api
    args: {'shapes': 'inputs[0] = {1,640} outputs[0] = {1,1,640} ', 'cache_key': 'LstmStateCopy[to|0|0]:256,1,1:1:1|1|1|1:0;:'}

       0.002 ms  /decoder/dec_rnn/lstm/LSTM_1&LSTM&LstmStateCopy
    category: Api
    args: {'shapes': 'inputs[0] = {1,640} outputs[0] = {1,1,640} ', 'cache_key': 'LstmStateCopy[to|0|0]:256,1,1:1:1|1|1|1:0;:'}

       0.002 ms  /decoder/dec_rnn/lstm/LSTM&LSTM&LstmStateCopy
    category: Api
    args: {'shapes': 'inputs[0] = {1,1,640} outputs[0] = {1,640} ', 'cache_key': 'LstmStateCopy[from|0]:256,1,1:1:1|1|1|1:0;:'}

       0.002 ms  /decoder/dec_rnn/lstm/LSTM&LSTM&LstmStateCopy
    category: Api
    args: {'cache_key': 'LstmStateCopy[from|0]:256,1,1:1:1|1|1|1:0;:', 'shapes': 'inputs[0] = {1,1,640} outputs[0] = {1,640} '}

       0.002 ms  /decoder/dec_rnn/lstm/LSTM&LSTM&LstmStateCopy
    category: Api
    args: {'cache_key': 'LstmStateCopy[to|0|0]:256,1,1:1:1|1|1|1:0;:', 'shapes': 'inputs[0] = {1,640} outputs[0] = {1,1,640} '}

       0.001 ms  /decoder/dec_rnn/lstm/LSTM&LSTM&LstmStateCopy
    category: Api
    args: {'cache_key': 'LstmStateCopy[to|0|0]:256,1,1:1:1|1|1|1:0;:', 'shapes': 'inputs[0] = {1,640} outputs[0] = {1,1,640} '}

       0.002 ms  /decoder/dec_rnn/lstm/LSTM_1&LSTM&LstmStateCopy
    category: Api
    args: {'shapes': 'inputs[0] = {1,1,640} outputs[0] = {1,640} ', 'cache_key': 'LstmStateCopy[from|0]:256,1,1:1:1|1|1|1:0;:'}

       0.002 ms  /decoder/dec_rnn/lstm/LSTM_1&LSTM&LstmStateCopy
    category: Api
    args: {'cache_key': 'LstmStateCopy[from|0]:256,1,1:1:1|1|1|1:0;:', 'shapes': 'inputs[0] = {1,1,640} outputs[0] = {1,640} '}

       0.004 ms  /decoder/dec_rnn/lstm/LSTM_1&LSTM&LstmStateCopy
    category: Api
    args: {'cache_key': 'LstmStateCopy[to|0|0]:256,1,1:1:1|1|1|1:0;:', 'shapes': 'inputs[0] = {1,640} outputs[0] = {1,1,640} '}

       0.002 ms  /decoder/dec_rnn/lstm/LSTM_1&LSTM&LstmStateCopy
    category: Api
    args: {'cache_key': 'LstmStateCopy[to|0|0]:256,1,1:1:1|1|1|1:0;:', 'shapes': 'inputs[0] = {1,640} outputs[0] = {1,1,640} '}

       0.002 ms  /decoder/dec_rnn/lstm/LSTM&LSTM&LstmStateCopy
    category: Api
    args: {'cache_key': 'LstmStateCopy[from|0]:256,1,1:1:1|1|1|1:0;:', 'shapes': 'inputs[0] = {1,1,640} outputs[0] = {1,640} '}

       0.002 ms  /decoder/dec_rnn/lstm/LSTM&LSTM&LstmStateCopy
    category: Api
    args: {'cache_key': 'LstmStateCopy[from|0]:256,1,1:1:1|1|1|1:0;:', 'shapes': 'inputs[0] = {1,1,640} outputs[0] = {1,640} '}

       0.002 ms  /decoder/dec_rnn/lstm/LSTM&LSTM&LstmStateCopy
    category: Api
    args: {'shapes': 'inputs[0] = {1,640} outputs[0] = {1,1,640} ', 'cache_key': 'LstmStateCopy[to|0|0]:256,1,1:1:1|1|1|1:0;:'}

       0.002 ms  /decoder/dec_rnn/lstm/LSTM&LSTM&LstmStateCopy
    category: Api
    args: {'cache_key': 'LstmStateCopy[to|0|0]:256,1,1:1:1|1|1|1:0;:', 'shapes': 'inputs[0] = {1,640} outputs[0] = {1,1,640} '}

       0.002 ms  /decoder/dec_rnn/lstm/LSTM_1&LSTM&LstmStateCopy
    category: Api
    args: {'cache_key': 'LstmStateCopy[from|0]:256,1,1:1:1|1|1|1:0;:', 'shapes': 'inputs[0] = {1,1,640} outputs[0] = {1,640} '}

       0.002 ms  /decoder/dec_rnn/lstm/LSTM_1&LSTM&LstmStateCopy
    category: Api
    args: {'cache_key': 'LstmStateCopy[from|0]:256,1,1:1:1|1|1|1:0;:', 'shapes': 'inputs[0] = {1,1,640} outputs[0] = {1,640} '}

       0.002 ms  /decoder/dec_rnn/lstm/LSTM_1&LSTM&LstmStateCopy
    category: Api
    args: {'shapes': 'inputs[0] = {1,640} outputs[0] = {1,1,640} ', 'cache_key': 'LstmStateCopy[to|0|0]:256,1,1:1:1|1|1|1:0;:'}

       0.002 ms  /decoder/dec_rnn/lstm/LSTM_1&LSTM&LstmStateCopy
    category: Api
    args: {'cache_key': 'LstmStateCopy[to|0|0]:256,1,1:1:1|1|1|1:0;:', 'shapes': 'inputs[0] = {1,640} outputs[0] = {1,1,640} '}

       0.002 ms  /decoder/dec_rnn/lstm/LSTM&LSTM&LstmStateCopy
    category: Api
    args: {'shapes': 'inputs[0] = {1,1,640} outputs[0] = {1,640} ', 'cache_key': 'LstmStateCopy[from|0]:256,1,1:1:1|1|1|1:0;:'}

       0.002 ms  /decoder/dec_rnn/lstm/LSTM&LSTM&LstmStateCopy
    category: Api
    args: {'cache_key': 'LstmStateCopy[from|0]:256,1,1:1:1|1|1|1:0;:', 'shapes': 'inputs[0] = {1,1,640} outputs[0] = {1,640} '}

       0.002 ms  /decoder/dec_rnn/lstm/LSTM&LSTM&LstmStateCopy
    category: Api
    args: {'cache_key': 'LstmStateCopy[to|0|0]:256,1,1:1:1|1|1|1:0;:', 'shapes': 'inputs[0] = {1,640} outputs[0] = {1,1,640} '}

       0.002 ms  /decoder/dec_rnn/lstm/LSTM&LSTM&LstmStateCopy
    category: Api
    args: {'cache_key': 'LstmStateCopy[to|0|0]:256,1,1:1:1|1|1|1:0;:', 'shapes': 'inputs[0] = {1,640} outputs[0] = {1,1,640} '}

       0.002 ms  /decoder/dec_rnn/lstm/LSTM_1&LSTM&LstmStateCopy
    category: Api
    args: {'cache_key': 'LstmStateCopy[from|0]:256,1,1:1:1|1|1|1:0;:', 'shapes': 'inputs[0] = {1,1,640} outputs[0] = {1,640} '}

       0.002 ms  /decoder/dec_rnn/lstm/LSTM_1&LSTM&LstmStateCopy
    category: Api
    args: {'cache_key': 'LstmStateCopy[from|0]:256,1,1:1:1|1|1|1:0;:', 'shapes': 'inputs[0] = {1,1,640} outputs[0] = {1,640} '}

       0.004 ms  /decoder/dec_rnn/lstm/LSTM_1&LSTM&LstmStateCopy
    category: Api
    args: {'shapes': 'inputs[0] = {1,640} outputs[0] = {1,1,640} ', 'cache_key': 'LstmStateCopy[to|0|0]:256,1,1:1:1|1|1|1:0;:'}

       0.002 ms  /decoder/dec_rnn/lstm/LSTM_1&LSTM&LstmStateCopy
    category: Api
    args: {'shapes': 'inputs[0] = {1,640} outputs[0] = {1,1,640} ', 'cache_key': 'LstmStateCopy[to|0|0]:256,1,1:1:1|1|1|1:0;:'}

       0.002 ms  /decoder/dec_rnn/lstm/LSTM&LSTM&LstmStateCopy
    category: Api
    args: {'shapes': 'inputs[0] = {1,1,640} outputs[0] = {1,640} ', 'cache_key': 'LstmStateCopy[from|0]:256,1,1:1:1|1|1|1:0;:'}

       0.002 ms  /decoder/dec_rnn/lstm/LSTM&LSTM&LstmStateCopy
    category: Api
    args: {'shapes': 'inputs[0] = {1,1,640} outputs[0] = {1,640} ', 'cache_key': 'LstmStateCopy[from|0]:256,1,1:1:1|1|1|1:0;:'}

       0.002 ms  /decoder/dec_rnn/lstm/LSTM&LSTM&LstmStateCopy
    category: Api
    args: {'cache_key': 'LstmStateCopy[to|0|0]:256,1,1:1:1|1|1|1:0;:', 'shapes': 'inputs[0] = {1,640} outputs[0] = {1,1,640} '}

       0.002 ms  /decoder/dec_rnn/lstm/LSTM&LSTM&LstmStateCopy
    category: Api
    args: {'cache_key': 'LstmStateCopy[to|0|0]:256,1,1:1:1|1|1|1:0;:', 'shapes': 'inputs[0] = {1,640} outputs[0] = {1,1,640} '}

       0.002 ms  /decoder/dec_rnn/lstm/LSTM_1&LSTM&LstmStateCopy
    category: Api
    args: {'cache_key': 'LstmStateCopy[from|0]:256,1,1:1:1|1|1|1:0;:', 'shapes': 'inputs[0] = {1,1,640} outputs[0] = {1,640} '}

       0.002 ms  /decoder/dec_rnn/lstm/LSTM_1&LSTM&LstmStateCopy
    category: Api
    args: {'shapes': 'inputs[0] = {1,1,640} outputs[0] = {1,640} ', 'cache_key': 'LstmStateCopy[from|0]:256,1,1:1:1|1|1|1:0;:'}

       0.002 ms  /decoder/dec_rnn/lstm/LSTM_1&LSTM&LstmStateCopy
    category: Api
    args: {'shapes': 'inputs[0] = {1,640} outputs[0] = {1,1,640} ', 'cache_key': 'LstmStateCopy[to|0|0]:256,1,1:1:1|1|1|1:0;:'}

       0.002 ms  /decoder/dec_rnn/lstm/LSTM_1&LSTM&LstmStateCopy
    category: Api
    args: {'shapes': 'inputs[0] = {1,640} outputs[0] = {1,1,640} ', 'cache_key': 'LstmStateCopy[to|0|0]:256,1,1:1:1|1|1|1:0;:'}

       0.002 ms  /decoder/dec_rnn/lstm/LSTM&LSTM&LstmStateCopy
    category: Api
    args: {'cache_key': 'LstmStateCopy[from|0]:256,1,1:1:1|1|1|1:0;:', 'shapes': 'inputs[0] = {1,1,640} outputs[0] = {1,640} '}

       0.002 ms  /decoder/dec_rnn/lstm/LSTM&LSTM&LstmStateCopy
    category: Api
    args: {'cache_key': 'LstmStateCopy[from|0]:256,1,1:1:1|1|1|1:0;:', 'shapes': 'inputs[0] = {1,1,640} outputs[0] = {1,640} '}

       0.002 ms  /decoder/dec_rnn/lstm/LSTM&LSTM&LstmStateCopy
    category: Api
    args: {'shapes': 'inputs[0] = {1,640} outputs[0] = {1,1,640} ', 'cache_key': 'LstmStateCopy[to|0|0]:256,1,1:1:1|1|1|1:0;:'}

       0.001 ms  /decoder/dec_rnn/lstm/LSTM&LSTM&LstmStateCopy
    category: Api
    args: {'cache_key': 'LstmStateCopy[to|0|0]:256,1,1:1:1|1|1|1:0;:', 'shapes': 'inputs[0] = {1,640} outputs[0] = {1,1,640} '}

       0.002 ms  /decoder/dec_rnn/lstm/LSTM_1&LSTM&LstmStateCopy
    category: Api
    args: {'cache_key': 'LstmStateCopy[from|0]:256,1,1:1:1|1|1|1:0;:', 'shapes': 'inputs[0] = {1,1,640} outputs[0] = {1,640} '}

       0.002 ms  /decoder/dec_rnn/lstm/LSTM_1&LSTM&LstmStateCopy
    category: Api
    args: {'cache_key': 'LstmStateCopy[from|0]:256,1,1:1:1|1|1|1:0;:', 'shapes': 'inputs[0] = {1,1,640} outputs[0] = {1,640} '}

       0.004 ms  /decoder/dec_rnn/lstm/LSTM_1&LSTM&LstmStateCopy
    category: Api
    args: {'shapes': 'inputs[0] = {1,640} outputs[0] = {1,1,640} ', 'cache_key': 'LstmStateCopy[to|0|0]:256,1,1:1:1|1|1|1:0;:'}

       0.002 ms  /decoder/dec_rnn/lstm/LSTM_1&LSTM&LstmStateCopy
    category: Api
    args: {'cache_key': 'LstmStateCopy[to|0|0]:256,1,1:1:1|1|1|1:0;:', 'shapes': 'inputs[0] = {1,640} outputs[0] = {1,1,640} '}

       0.002 ms  /decoder/dec_rnn/lstm/LSTM&LSTM&LstmStateCopy
    category: Api
    args: {'shapes': 'inputs[0] = {1,1,640} outputs[0] = {1,640} ', 'cache_key': 'LstmStateCopy[from|0]:256,1,1:1:1|1|1|1:0;:'}

       0.002 ms  /decoder/dec_rnn/lstm/LSTM&LSTM&LstmStateCopy
    category: Api
    args: {'shapes': 'inputs[0] = {1,1,640} outputs[0] = {1,640} ', 'cache_key': 'LstmStateCopy[from|0]:256,1,1:1:1|1|1|1:0;:'}

       0.002 ms  /decoder/dec_rnn/lstm/LSTM&LSTM&LstmStateCopy
    category: Api
    args: {'cache_key': 'LstmStateCopy[to|0|0]:256,1,1:1:1|1|1|1:0;:', 'shapes': 'inputs[0] = {1,640} outputs[0] = {1,1,640} '}

       0.002 ms  /decoder/dec_rnn/lstm/LSTM&LSTM&LstmStateCopy
    category: Api
    args: {'cache_key': 'LstmStateCopy[to|0|0]:256,1,1:1:1|1|1|1:0;:', 'shapes': 'inputs[0] = {1,640} outputs[0] = {1,1,640} '}

       0.002 ms  /decoder/dec_rnn/lstm/LSTM_1&LSTM&LstmStateCopy
    category: Api
    args: {'shapes': 'inputs[0] = {1,1,640} outputs[0] = {1,640} ', 'cache_key': 'LstmStateCopy[from|0]:256,1,1:1:1|1|1|1:0;:'}

       0.002 ms  /decoder/dec_rnn/lstm/LSTM_1&LSTM&LstmStateCopy
    category: Api
    args: {'cache_key': 'LstmStateCopy[from|0]:256,1,1:1:1|1|1|1:0;:', 'shapes': 'inputs[0] = {1,1,640} outputs[0] = {1,640} '}

       0.002 ms  /decoder/dec_rnn/lstm/LSTM_1&LSTM&LstmStateCopy
    category: Api
    args: {'cache_key': 'LstmStateCopy[to|0|0]:256,1,1:1:1|1|1|1:0;:', 'shapes': 'inputs[0] = {1,640} outputs[0] = {1,1,640} '}

       0.002 ms  /decoder/dec_rnn/lstm/LSTM_1&LSTM&LstmStateCopy
    category: Api
    args: {'shapes': 'inputs[0] = {1,640} outputs[0] = {1,1,640} ', 'cache_key': 'LstmStateCopy[to|0|0]:256,1,1:1:1|1|1|1:0;:'}

       0.002 ms  /decoder/dec_rnn/lstm/LSTM&LSTM&LstmStateCopy
    category: Api
    args: {'shapes': 'inputs[0] = {1,1,640} outputs[0] = {1,640} ', 'cache_key': 'LstmStateCopy[from|0]:256,1,1:1:1|1|1|1:0;:'}

       0.002 ms  /decoder/dec_rnn/lstm/LSTM&LSTM&LstmStateCopy
    category: Api
    args: {'shapes': 'inputs[0] = {1,1,640} outputs[0] = {1,640} ', 'cache_key': 'LstmStateCopy[from|0]:256,1,1:1:1|1|1|1:0;:'}

       0.002 ms  /decoder/dec_rnn/lstm/LSTM&LSTM&LstmStateCopy
    category: Api
    args: {'shapes': 'inputs[0] = {1,640} outputs[0] = {1,1,640} ', 'cache_key': 'LstmStateCopy[to|0|0]:256,1,1:1:1|1|1|1:0;:'}

       0.002 ms  /decoder/dec_rnn/lstm/LSTM&LSTM&LstmStateCopy
    category: Api
    args: {'shapes': 'inputs[0] = {1,640} outputs[0] = {1,1,640} ', 'cache_key': 'LstmStateCopy[to|0|0]:256,1,1:1:1|1|1|1:0;:'}

       0.002 ms  /decoder/dec_rnn/lstm/LSTM_1&LSTM&LstmStateCopy
    category: Api
    args: {'shapes': 'inputs[0] = {1,1,640} outputs[0] = {1,640} ', 'cache_key': 'LstmStateCopy[from|0]:256,1,1:1:1|1|1|1:0;:'}

       0.002 ms  /decoder/dec_rnn/lstm/LSTM_1&LSTM&LstmStateCopy
    category: Api
    args: {'shapes': 'inputs[0] = {1,1,640} outputs[0] = {1,640} ', 'cache_key': 'LstmStateCopy[from|0]:256,1,1:1:1|1|1|1:0;:'}

       0.004 ms  /decoder/dec_rnn/lstm/LSTM_1&LSTM&LstmStateCopy
    category: Api
    args: {'shapes': 'inputs[0] = {1,640} outputs[0] = {1,1,640} ', 'cache_key': 'LstmStateCopy[to|0|0]:256,1,1:1:1|1|1|1:0;:'}

       0.001 ms  /decoder/dec_rnn/lstm/LSTM_1&LSTM&LstmStateCopy
    category: Api
    args: {'cache_key': 'LstmStateCopy[to|0|0]:256,1,1:1:1|1|1|1:0;:', 'shapes': 'inputs[0] = {1,640} outputs[0] = {1,1,640} '}

       0.002 ms  /decoder/dec_rnn/lstm/LSTM&LSTM&LstmStateCopy
    category: Api
    args: {'cache_key': 'LstmStateCopy[from|0]:256,1,1:1:1|1|1|1:0;:', 'shapes': 'inputs[0] = {1,1,640} outputs[0] = {1,640} '}

       0.002 ms  /decoder/dec_rnn/lstm/LSTM&LSTM&LstmStateCopy
    category: Api
    args: {'shapes': 'inputs[0] = {1,1,640} outputs[0] = {1,640} ', 'cache_key': 'LstmStateCopy[from|0]:256,1,1:1:1|1|1|1:0;:'}

       0.002 ms  /decoder/dec_rnn/lstm/LSTM&LSTM&LstmStateCopy
    category: Api
    args: {'shapes': 'inputs[0] = {1,640} outputs[0] = {1,1,640} ', 'cache_key': 'LstmStateCopy[to|0|0]:256,1,1:1:1|1|1|1:0;:'}

       0.002 ms  /decoder/dec_rnn/lstm/LSTM&LSTM&LstmStateCopy
    category: Api
    args: {'shapes': 'inputs[0] = {1,640} outputs[0] = {1,1,640} ', 'cache_key': 'LstmStateCopy[to|0|0]:256,1,1:1:1|1|1|1:0;:'}

       0.002 ms  /decoder/dec_rnn/lstm/LSTM_1&LSTM&LstmStateCopy
    category: Api
    args: {'cache_key': 'LstmStateCopy[from|0]:256,1,1:1:1|1|1|1:0;:', 'shapes': 'inputs[0] = {1,1,640} outputs[0] = {1,640} '}

       0.002 ms  /decoder/dec_rnn/lstm/LSTM_1&LSTM&LstmStateCopy
    category: Api
    args: {'shapes': 'inputs[0] = {1,1,640} outputs[0] = {1,640} ', 'cache_key': 'LstmStateCopy[from|0]:256,1,1:1:1|1|1|1:0;:'}

       0.002 ms  /decoder/dec_rnn/lstm/LSTM_1&LSTM&LstmStateCopy
    category: Api
    args: {'shapes': 'inputs[0] = {1,640} outputs[0] = {1,1,640} ', 'cache_key': 'LstmStateCopy[to|0|0]:256,1,1:1:1|1|1|1:0;:'}

       0.002 ms  /decoder/dec_rnn/lstm/LSTM_1&LSTM&LstmStateCopy
    category: Api
    args: {'cache_key': 'LstmStateCopy[to|0|0]:256,1,1:1:1|1|1|1:0;:', 'shapes': 'inputs[0] = {1,640} outputs[0] = {1,1,640} '}

       0.002 ms  /decoder/dec_rnn/lstm/LSTM&LSTM&LstmStateCopy
    category: Api
    args: {'cache_key': 'LstmStateCopy[from|0]:256,1,1:1:1|1|1|1:0;:', 'shapes': 'inputs[0] = {1,1,640} outputs[0] = {1,640} '}

       0.002 ms  /decoder/dec_rnn/lstm/LSTM&LSTM&LstmStateCopy
    category: Api
    args: {'shapes': 'inputs[0] = {1,1,640} outputs[0] = {1,640} ', 'cache_key': 'LstmStateCopy[from|0]:256,1,1:1:1|1|1|1:0;:'}

       0.002 ms  /decoder/dec_rnn/lstm/LSTM&LSTM&LstmStateCopy
    category: Api
    args: {'shapes': 'inputs[0] = {1,640} outputs[0] = {1,1,640} ', 'cache_key': 'LstmStateCopy[to|0|0]:256,1,1:1:1|1|1|1:0;:'}

       0.001 ms  /decoder/dec_rnn/lstm/LSTM&LSTM&LstmStateCopy
    category: Api
    args: {'shapes': 'inputs[0] = {1,640} outputs[0] = {1,1,640} ', 'cache_key': 'LstmStateCopy[to|0|0]:256,1,1:1:1|1|1|1:0;:'}

       0.002 ms  /decoder/dec_rnn/lstm/LSTM_1&LSTM&LstmStateCopy
    category: Api
    args: {'shapes': 'inputs[0] = {1,1,640} outputs[0] = {1,640} ', 'cache_key': 'LstmStateCopy[from|0]:256,1,1:1:1|1|1|1:0;:'}

       0.002 ms  /decoder/dec_rnn/lstm/LSTM_1&LSTM&LstmStateCopy
    category: Api
    args: {'cache_key': 'LstmStateCopy[from|0]:256,1,1:1:1|1|1|1:0;:', 'shapes': 'inputs[0] = {1,1,640} outputs[0] = {1,640} '}

       0.002 ms  /decoder/dec_rnn/lstm/LSTM_1&LSTM&LstmStateCopy
    category: Api
    args: {'shapes': 'inputs[0] = {1,640} outputs[0] = {1,1,640} ', 'cache_key': 'LstmStateCopy[to|0|0]:256,1,1:1:1|1|1|1:0;:'}

       0.002 ms  /decoder/dec_rnn/lstm/LSTM_1&LSTM&LstmStateCopy
    category: Api
    args: {'shapes': 'inputs[0] = {1,640} outputs[0] = {1,1,640} ', 'cache_key': 'LstmStateCopy[to|0|0]:256,1,1:1:1|1|1|1:0;:'}

       0.002 ms  /decoder/dec_rnn/lstm/LSTM&LSTM&LstmStateCopy
    category: Api
    args: {'shapes': 'inputs[0] = {1,1,640} outputs[0] = {1,640} ', 'cache_key': 'LstmStateCopy[from|0]:256,1,1:1:1|1|1|1:0;:'}

       0.002 ms  /decoder/dec_rnn/lstm/LSTM&LSTM&LstmStateCopy
    category: Api
    args: {'shapes': 'inputs[0] = {1,1,640} outputs[0] = {1,640} ', 'cache_key': 'LstmStateCopy[from|0]:256,1,1:1:1|1|1|1:0;:'}

       0.002 ms  /decoder/dec_rnn/lstm/LSTM&LSTM&LstmStateCopy
    category: Api
    args: {'shapes': 'inputs[0] = {1,640} outputs[0] = {1,1,640} ', 'cache_key': 'LstmStateCopy[to|0|0]:256,1,1:1:1|1|1|1:0;:'}

       0.002 ms  /decoder/dec_rnn/lstm/LSTM&LSTM&LstmStateCopy
    category: Api
    args: {'shapes': 'inputs[0] = {1,640} outputs[0] = {1,1,640} ', 'cache_key': 'LstmStateCopy[to|0|0]:256,1,1:1:1|1|1|1:0;:'}

       0.002 ms  /decoder/dec_rnn/lstm/LSTM_1&LSTM&LstmStateCopy
    category: Api
    args: {'shapes': 'inputs[0] = {1,1,640} outputs[0] = {1,640} ', 'cache_key': 'LstmStateCopy[from|0]:256,1,1:1:1|1|1|1:0;:'}

       0.002 ms  /decoder/dec_rnn/lstm/LSTM_1&LSTM&LstmStateCopy
    category: Api
    args: {'cache_key': 'LstmStateCopy[from|0]:256,1,1:1:1|1|1|1:0;:', 'shapes': 'inputs[0] = {1,1,640} outputs[0] = {1,640} '}

       0.002 ms  /decoder/dec_rnn/lstm/LSTM_1&LSTM&LstmStateCopy
    category: Api
    args: {'cache_key': 'LstmStateCopy[to|0|0]:256,1,1:1:1|1|1|1:0;:', 'shapes': 'inputs[0] = {1,640} outputs[0] = {1,1,640} '}

       0.002 ms  /decoder/dec_rnn/lstm/LSTM_1&LSTM&LstmStateCopy
    category: Api
    args: {'cache_key': 'LstmStateCopy[to|0|0]:256,1,1:1:1|1|1|1:0;:', 'shapes': 'inputs[0] = {1,640} outputs[0] = {1,1,640} '}

       0.002 ms  /decoder/dec_rnn/lstm/LSTM&LSTM&LstmStateCopy
    category: Api
    args: {'cache_key': 'LstmStateCopy[from|0]:256,1,1:1:1|1|1|1:0;:', 'shapes': 'inputs[0] = {1,1,640} outputs[0] = {1,640} '}

       0.002 ms  /decoder/dec_rnn/lstm/LSTM&LSTM&LstmStateCopy
    category: Api
    args: {'cache_key': 'LstmStateCopy[from|0]:256,1,1:1:1|1|1|1:0;:', 'shapes': 'inputs[0] = {1,1,640} outputs[0] = {1,640} '}

       0.002 ms  /decoder/dec_rnn/lstm/LSTM&LSTM&LstmStateCopy
    category: Api
    args: {'shapes': 'inputs[0] = {1,640} outputs[0] = {1,1,640} ', 'cache_key': 'LstmStateCopy[to|0|0]:256,1,1:1:1|1|1|1:0;:'}

       0.002 ms  /decoder/dec_rnn/lstm/LSTM&LSTM&LstmStateCopy
    category: Api
    args: {'shapes': 'inputs[0] = {1,640} outputs[0] = {1,1,640} ', 'cache_key': 'LstmStateCopy[to|0|0]:256,1,1:1:1|1|1|1:0;:'}

       0.002 ms  /decoder/dec_rnn/lstm/LSTM_1&LSTM&LstmStateCopy
    category: Api
    args: {'cache_key': 'LstmStateCopy[from|0]:256,1,1:1:1|1|1|1:0;:', 'shapes': 'inputs[0] = {1,1,640} outputs[0] = {1,640} '}

       0.002 ms  /decoder/dec_rnn/lstm/LSTM_1&LSTM&LstmStateCopy
    category: Api
    args: {'cache_key': 'LstmStateCopy[from|0]:256,1,1:1:1|1|1|1:0;:', 'shapes': 'inputs[0] = {1,1,640} outputs[0] = {1,640} '}

       0.002 ms  /decoder/dec_rnn/lstm/LSTM_1&LSTM&LstmStateCopy
    category: Api
    args: {'cache_key': 'LstmStateCopy[to|0|0]:256,1,1:1:1|1|1|1:0;:', 'shapes': 'inputs[0] = {1,640} outputs[0] = {1,1,640} '}

       0.001 ms  /decoder/dec_rnn/lstm/LSTM_1&LSTM&LstmStateCopy
    category: Api
    args: {'cache_key': 'LstmStateCopy[to|0|0]:256,1,1:1:1|1|1|1:0;:', 'shapes': 'inputs[0] = {1,640} outputs[0] = {1,1,640} '}

       0.002 ms  /decoder/dec_rnn/lstm/LSTM&LSTM&LstmStateCopy
    category: Api
    args: {'shapes': 'inputs[0] = {1,1,640} outputs[0] = {1,640} ', 'cache_key': 'LstmStateCopy[from|0]:256,1,1:1:1|1|1|1:0;:'}

       0.002 ms  /decoder/dec_rnn/lstm/LSTM&LSTM&LstmStateCopy
    category: Api
    args: {'cache_key': 'LstmStateCopy[from|0]:256,1,1:1:1|1|1|1:0;:', 'shapes': 'inputs[0] = {1,1,640} outputs[0] = {1,640} '}

       0.002 ms  /decoder/dec_rnn/lstm/LSTM&LSTM&LstmStateCopy
    category: Api
    args: {'cache_key': 'LstmStateCopy[to|0|0]:256,1,1:1:1|1|1|1:0;:', 'shapes': 'inputs[0] = {1,640} outputs[0] = {1,1,640} '}

       0.002 ms  /decoder/dec_rnn/lstm/LSTM&LSTM&LstmStateCopy
    category: Api
    args: {'shapes': 'inputs[0] = {1,640} outputs[0] = {1,1,640} ', 'cache_key': 'LstmStateCopy[to|0|0]:256,1,1:1:1|1|1|1:0;:'}

       0.002 ms  /decoder/dec_rnn/lstm/LSTM_1&LSTM&LstmStateCopy
    category: Api
    args: {'cache_key': 'LstmStateCopy[from|0]:256,1,1:1:1|1|1|1:0;:', 'shapes': 'inputs[0] = {1,1,640} outputs[0] = {1,640} '}

       0.002 ms  /decoder/dec_rnn/lstm/LSTM_1&LSTM&LstmStateCopy
    category: Api
    args: {'shapes': 'inputs[0] = {1,1,640} outputs[0] = {1,640} ', 'cache_key': 'LstmStateCopy[from|0]:256,1,1:1:1|1|1|1:0;:'}

       0.002 ms  /decoder/dec_rnn/lstm/LSTM_1&LSTM&LstmStateCopy
    category: Api
    args: {'cache_key': 'LstmStateCopy[to|0|0]:256,1,1:1:1|1|1|1:0;:', 'shapes': 'inputs[0] = {1,640} outputs[0] = {1,1,640} '}

       0.002 ms  /decoder/dec_rnn/lstm/LSTM_1&LSTM&LstmStateCopy
    category: Api
    args: {'shapes': 'inputs[0] = {1,640} outputs[0] = {1,1,640} ', 'cache_key': 'LstmStateCopy[to|0|0]:256,1,1:1:1|1|1|1:0;:'}

       0.002 ms  /decoder/dec_rnn/lstm/LSTM&LSTM&LstmStateCopy
    category: Api
    args: {'cache_key': 'LstmStateCopy[from|0]:256,1,1:1:1|1|1|1:0;:', 'shapes': 'inputs[0] = {1,1,640} outputs[0] = {1,640} '}

       0.002 ms  /decoder/dec_rnn/lstm/LSTM&LSTM&LstmStateCopy
    category: Api
    args: {'cache_key': 'LstmStateCopy[from|0]:256,1,1:1:1|1|1|1:0;:', 'shapes': 'inputs[0] = {1,1,640} outputs[0] = {1,640} '}

       0.002 ms  /decoder/dec_rnn/lstm/LSTM&LSTM&LstmStateCopy
    category: Api
    args: {'cache_key': 'LstmStateCopy[to|0|0]:256,1,1:1:1|1|1|1:0;:', 'shapes': 'inputs[0] = {1,640} outputs[0] = {1,1,640} '}

       0.002 ms  /decoder/dec_rnn/lstm/LSTM&LSTM&LstmStateCopy
    category: Api
    args: {'shapes': 'inputs[0] = {1,640} outputs[0] = {1,1,640} ', 'cache_key': 'LstmStateCopy[to|0|0]:256,1,1:1:1|1|1|1:0;:'}

       0.002 ms  /decoder/dec_rnn/lstm/LSTM_1&LSTM&LstmStateCopy
    category: Api
    args: {'shapes': 'inputs[0] = {1,1,640} outputs[0] = {1,640} ', 'cache_key': 'LstmStateCopy[from|0]:256,1,1:1:1|1|1|1:0;:'}

       0.002 ms  /decoder/dec_rnn/lstm/LSTM_1&LSTM&LstmStateCopy
    category: Api
    args: {'cache_key': 'LstmStateCopy[from|0]:256,1,1:1:1|1|1|1:0;:', 'shapes': 'inputs[0] = {1,1,640} outputs[0] = {1,640} '}

       0.002 ms  /decoder/dec_rnn/lstm/LSTM_1&LSTM&LstmStateCopy
    category: Api
    args: {'shapes': 'inputs[0] = {1,640} outputs[0] = {1,1,640} ', 'cache_key': 'LstmStateCopy[to|0|0]:256,1,1:1:1|1|1|1:0;:'}

       0.002 ms  /decoder/dec_rnn/lstm/LSTM_1&LSTM&LstmStateCopy
    category: Api
    args: {'cache_key': 'LstmStateCopy[to|0|0]:256,1,1:1:1|1|1|1:0;:', 'shapes': 'inputs[0] = {1,640} outputs[0] = {1,1,640} '}

       0.002 ms  /decoder/dec_rnn/lstm/LSTM&LSTM&LstmStateCopy
    category: Api
    args: {'shapes': 'inputs[0] = {1,1,640} outputs[0] = {1,640} ', 'cache_key': 'LstmStateCopy[from|0]:256,1,1:1:1|1|1|1:0;:'}

       0.002 ms  /decoder/dec_rnn/lstm/LSTM&LSTM&LstmStateCopy
    category: Api
    args: {'shapes': 'inputs[0] = {1,1,640} outputs[0] = {1,640} ', 'cache_key': 'LstmStateCopy[from|0]:256,1,1:1:1|1|1|1:0;:'}

       0.002 ms  /decoder/dec_rnn/lstm/LSTM&LSTM&LstmStateCopy
    category: Api
    args: {'cache_key': 'LstmStateCopy[to|0|0]:256,1,1:1:1|1|1|1:0;:', 'shapes': 'inputs[0] = {1,640} outputs[0] = {1,1,640} '}

       0.002 ms  /decoder/dec_rnn/lstm/LSTM&LSTM&LstmStateCopy
    category: Api
    args: {'cache_key': 'LstmStateCopy[to|0|0]:256,1,1:1:1|1|1|1:0;:', 'shapes': 'inputs[0] = {1,640} outputs[0] = {1,1,640} '}

       0.002 ms  /decoder/dec_rnn/lstm/LSTM_1&LSTM&LstmStateCopy
    category: Api
    args: {'shapes': 'inputs[0] = {1,1,640} outputs[0] = {1,640} ', 'cache_key': 'LstmStateCopy[from|0]:256,1,1:1:1|1|1|1:0;:'}

       0.002 ms  /decoder/dec_rnn/lstm/LSTM_1&LSTM&LstmStateCopy
    category: Api
    args: {'shapes': 'inputs[0] = {1,1,640} outputs[0] = {1,640} ', 'cache_key': 'LstmStateCopy[from|0]:256,1,1:1:1|1|1|1:0;:'}

       0.094 ms  /decoder/dec_rnn/lstm/LSTM_1&LSTM&LstmStateCopy
    category: Api
    args: {'shapes': 'inputs[0] = {1,640} outputs[0] = {1,1,640} ', 'cache_key': 'LstmStateCopy[to|0|0]:256,1,1:1:1|1|1|1:0;:'}

       0.002 ms  /decoder/dec_rnn/lstm/LSTM_1&LSTM&LstmStateCopy
    category: Api
    args: {'shapes': 'inputs[0] = {1,640} outputs[0] = {1,1,640} ', 'cache_key': 'LstmStateCopy[to|0|0]:256,1,1:1:1|1|1|1:0;:'}

       0.002 ms  /decoder/dec_rnn/lstm/LSTM&LSTM&LstmStateCopy
    category: Api
    args: {'shapes': 'inputs[0] = {1,1,640} outputs[0] = {1,640} ', 'cache_key': 'LstmStateCopy[from|0]:256,1,1:1:1|1|1|1:0;:'}

       0.002 ms  /decoder/dec_rnn/lstm/LSTM&LSTM&LstmStateCopy
    category: Api
    args: {'cache_key': 'LstmStateCopy[from|0]:256,1,1:1:1|1|1|1:0;:', 'shapes': 'inputs[0] = {1,1,640} outputs[0] = {1,640} '}

       0.002 ms  /decoder/dec_rnn/lstm/LSTM&LSTM&LstmStateCopy
    category: Api
    args: {'shapes': 'inputs[0] = {1,640} outputs[0] = {1,1,640} ', 'cache_key': 'LstmStateCopy[to|0|0]:256,1,1:1:1|1|1|1:0;:'}

       0.002 ms  /decoder/dec_rnn/lstm/LSTM&LSTM&LstmStateCopy
    category: Api
    args: {'cache_key': 'LstmStateCopy[to|0|0]:256,1,1:1:1|1|1|1:0;:', 'shapes': 'inputs[0] = {1,640} outputs[0] = {1,1,640} '}

       0.002 ms  /decoder/dec_rnn/lstm/LSTM_1&LSTM&LstmStateCopy
    category: Api
    args: {'cache_key': 'LstmStateCopy[from|0]:256,1,1:1:1|1|1|1:0;:', 'shapes': 'inputs[0] = {1,1,640} outputs[0] = {1,640} '}

       0.002 ms  /decoder/dec_rnn/lstm/LSTM_1&LSTM&LstmStateCopy
    category: Api
    args: {'cache_key': 'LstmStateCopy[from|0]:256,1,1:1:1|1|1|1:0;:', 'shapes': 'inputs[0] = {1,1,640} outputs[0] = {1,640} '}

       0.002 ms  /decoder/dec_rnn/lstm/LSTM_1&LSTM&LstmStateCopy
    category: Api
    args: {'cache_key': 'LstmStateCopy[to|0|0]:256,1,1:1:1|1|1|1:0;:', 'shapes': 'inputs[0] = {1,640} outputs[0] = {1,1,640} '}

       0.001 ms  /decoder/dec_rnn/lstm/LSTM_1&LSTM&LstmStateCopy
    category: Api
    args: {'cache_key': 'LstmStateCopy[to|0|0]:256,1,1:1:1|1|1|1:0;:', 'shapes': 'inputs[0] = {1,640} outputs[0] = {1,1,640} '}

       0.002 ms  /decoder/dec_rnn/lstm/LSTM&LSTM&LstmStateCopy
    category: Api
    args: {'shapes': 'inputs[0] = {1,1,640} outputs[0] = {1,640} ', 'cache_key': 'LstmStateCopy[from|0]:256,1,1:1:1|1|1|1:0;:'}

       0.002 ms  /decoder/dec_rnn/lstm/LSTM&LSTM&LstmStateCopy
    category: Api
    args: {'shapes': 'inputs[0] = {1,1,640} outputs[0] = {1,640} ', 'cache_key': 'LstmStateCopy[from|0]:256,1,1:1:1|1|1|1:0;:'}

       0.002 ms  /decoder/dec_rnn/lstm/LSTM&LSTM&LstmStateCopy
    category: Api
    args: {'cache_key': 'LstmStateCopy[to|0|0]:256,1,1:1:1|1|1|1:0;:', 'shapes': 'inputs[0] = {1,640} outputs[0] = {1,1,640} '}

       0.002 ms  /decoder/dec_rnn/lstm/LSTM&LSTM&LstmStateCopy
    category: Api
    args: {'shapes': 'inputs[0] = {1,640} outputs[0] = {1,1,640} ', 'cache_key': 'LstmStateCopy[to|0|0]:256,1,1:1:1|1|1|1:0;:'}

       0.002 ms  /decoder/dec_rnn/lstm/LSTM_1&LSTM&LstmStateCopy
    category: Api
    args: {'cache_key': 'LstmStateCopy[from|0]:256,1,1:1:1|1|1|1:0;:', 'shapes': 'inputs[0] = {1,1,640} outputs[0] = {1,640} '}

       0.002 ms  /decoder/dec_rnn/lstm/LSTM_1&LSTM&LstmStateCopy
    category: Api
    args: {'cache_key': 'LstmStateCopy[from|0]:256,1,1:1:1|1|1|1:0;:', 'shapes': 'inputs[0] = {1,1,640} outputs[0] = {1,640} '}

       0.002 ms  /decoder/dec_rnn/lstm/LSTM_1&LSTM&LstmStateCopy
    category: Api
    args: {'cache_key': 'LstmStateCopy[to|0|0]:256,1,1:1:1|1|1|1:0;:', 'shapes': 'inputs[0] = {1,640} outputs[0] = {1,1,640} '}

       0.002 ms  /decoder/dec_rnn/lstm/LSTM_1&LSTM&LstmStateCopy
    category: Api
    args: {'shapes': 'inputs[0] = {1,640} outputs[0] = {1,1,640} ', 'cache_key': 'LstmStateCopy[to|0|0]:256,1,1:1:1|1|1|1:0;:'}

       0.002 ms  /decoder/dec_rnn/lstm/LSTM&LSTM&LstmStateCopy
    category: Api
    args: {'shapes': 'inputs[0] = {1,1,640} outputs[0] = {1,640} ', 'cache_key': 'LstmStateCopy[from|0]:256,1,1:1:1|1|1|1:0;:'}

       0.002 ms  /decoder/dec_rnn/lstm/LSTM&LSTM&LstmStateCopy
    category: Api
    args: {'shapes': 'inputs[0] = {1,1,640} outputs[0] = {1,640} ', 'cache_key': 'LstmStateCopy[from|0]:256,1,1:1:1|1|1|1:0;:'}

       0.004 ms  /decoder/dec_rnn/lstm/LSTM&LSTM&LstmStateCopy
    category: Api
    args: {'shapes': 'inputs[0] = {1,640} outputs[0] = {1,1,640} ', 'cache_key': 'LstmStateCopy[to|0|0]:256,1,1:1:1|1|1|1:0;:'}

       0.002 ms  /decoder/dec_rnn/lstm/LSTM&LSTM&LstmStateCopy
    category: Api
    args: {'shapes': 'inputs[0] = {1,640} outputs[0] = {1,1,640} ', 'cache_key': 'LstmStateCopy[to|0|0]:256,1,1:1:1|1|1|1:0;:'}

       0.002 ms  /decoder/dec_rnn/lstm/LSTM_1&LSTM&LstmStateCopy
    category: Api
    args: {'cache_key': 'LstmStateCopy[from|0]:256,1,1:1:1|1|1|1:0;:', 'shapes': 'inputs[0] = {1,1,640} outputs[0] = {1,640} '}

       0.002 ms  /decoder/dec_rnn/lstm/LSTM_1&LSTM&LstmStateCopy
    category: Api
    args: {'shapes': 'inputs[0] = {1,1,640} outputs[0] = {1,640} ', 'cache_key': 'LstmStateCopy[from|0]:256,1,1:1:1|1|1|1:0;:'}

       0.264 ms  /decoder/dec_rnn/lstm/LSTM_1&LSTM&LstmStateCopy
    category: Api
    args: {'cache_key': 'LstmStateCopy[to|0|0]:256,1,1:1:1|1|1|1:0;:', 'shapes': 'inputs[0] = {1,640} outputs[0] = {1,1,640} '}

       0.002 ms  /decoder/dec_rnn/lstm/LSTM_1&LSTM&LstmStateCopy
    category: Api
    args: {'cache_key': 'LstmStateCopy[to|0|0]:256,1,1:1:1|1|1|1:0;:', 'shapes': 'inputs[0] = {1,640} outputs[0] = {1,1,640} '}

       0.002 ms  /decoder/dec_rnn/lstm/LSTM&LSTM&LstmStateCopy
    category: Api
    args: {'cache_key': 'LstmStateCopy[from|0]:256,1,1:1:1|1|1|1:0;:', 'shapes': 'inputs[0] = {1,1,640} outputs[0] = {1,640} '}

       0.002 ms  /decoder/dec_rnn/lstm/LSTM&LSTM&LstmStateCopy
    category: Api
    args: {'shapes': 'inputs[0] = {1,1,640} outputs[0] = {1,640} ', 'cache_key': 'LstmStateCopy[from|0]:256,1,1:1:1|1|1|1:0;:'}

       0.002 ms  /decoder/dec_rnn/lstm/LSTM&LSTM&LstmStateCopy
    category: Api
    args: {'shapes': 'inputs[0] = {1,640} outputs[0] = {1,1,640} ', 'cache_key': 'LstmStateCopy[to|0|0]:256,1,1:1:1|1|1|1:0;:'}

       0.002 ms  /decoder/dec_rnn/lstm/LSTM&LSTM&LstmStateCopy
    category: Api
    args: {'shapes': 'inputs[0] = {1,640} outputs[0] = {1,1,640} ', 'cache_key': 'LstmStateCopy[to|0|0]:256,1,1:1:1|1|1|1:0;:'}

       0.002 ms  /decoder/dec_rnn/lstm/LSTM_1&LSTM&LstmStateCopy
    category: Api
    args: {'cache_key': 'LstmStateCopy[from|0]:256,1,1:1:1|1|1|1:0;:', 'shapes': 'inputs[0] = {1,1,640} outputs[0] = {1,640} '}

       0.002 ms  /decoder/dec_rnn/lstm/LSTM_1&LSTM&LstmStateCopy
    category: Api
    args: {'shapes': 'inputs[0] = {1,1,640} outputs[0] = {1,640} ', 'cache_key': 'LstmStateCopy[from|0]:256,1,1:1:1|1|1|1:0;:'}

       0.002 ms  /decoder/dec_rnn/lstm/LSTM_1&LSTM&LstmStateCopy
    category: Api
    args: {'shapes': 'inputs[0] = {1,640} outputs[0] = {1,1,640} ', 'cache_key': 'LstmStateCopy[to|0|0]:256,1,1:1:1|1|1|1:0;:'}

       0.002 ms  /decoder/dec_rnn/lstm/LSTM_1&LSTM&LstmStateCopy
    category: Api
    args: {'shapes': 'inputs[0] = {1,640} outputs[0] = {1,1,640} ', 'cache_key': 'LstmStateCopy[to|0|0]:256,1,1:1:1|1|1|1:0;:'}

       0.002 ms  /decoder/dec_rnn/lstm/LSTM&LSTM&LstmStateCopy
    category: Api
    args: {'cache_key': 'LstmStateCopy[from|0]:256,1,1:1:1|1|1|1:0;:', 'shapes': 'inputs[0] = {1,1,640} outputs[0] = {1,640} '}

       0.002 ms  /decoder/dec_rnn/lstm/LSTM&LSTM&LstmStateCopy
    category: Api
    args: {'shapes': 'inputs[0] = {1,1,640} outputs[0] = {1,640} ', 'cache_key': 'LstmStateCopy[from|0]:256,1,1:1:1|1|1|1:0;:'}

       0.002 ms  /decoder/dec_rnn/lstm/LSTM&LSTM&LstmStateCopy
    category: Api
    args: {'cache_key': 'LstmStateCopy[to|0|0]:256,1,1:1:1|1|1|1:0;:', 'shapes': 'inputs[0] = {1,640} outputs[0] = {1,1,640} '}

       0.002 ms  /decoder/dec_rnn/lstm/LSTM&LSTM&LstmStateCopy
    category: Api
    args: {'shapes': 'inputs[0] = {1,640} outputs[0] = {1,1,640} ', 'cache_key': 'LstmStateCopy[to|0|0]:256,1,1:1:1|1|1|1:0;:'}

       0.002 ms  /decoder/dec_rnn/lstm/LSTM_1&LSTM&LstmStateCopy
    category: Api
    args: {'shapes': 'inputs[0] = {1,1,640} outputs[0] = {1,640} ', 'cache_key': 'LstmStateCopy[from|0]:256,1,1:1:1|1|1|1:0;:'}

       0.002 ms  /decoder/dec_rnn/lstm/LSTM_1&LSTM&LstmStateCopy
    category: Api
    args: {'shapes': 'inputs[0] = {1,1,640} outputs[0] = {1,640} ', 'cache_key': 'LstmStateCopy[from|0]:256,1,1:1:1|1|1|1:0;:'}

       0.002 ms  /decoder/dec_rnn/lstm/LSTM_1&LSTM&LstmStateCopy
    category: Api
    args: {'shapes': 'inputs[0] = {1,640} outputs[0] = {1,1,640} ', 'cache_key': 'LstmStateCopy[to|0|0]:256,1,1:1:1|1|1|1:0;:'}

       0.002 ms  /decoder/dec_rnn/lstm/LSTM_1&LSTM&LstmStateCopy
    category: Api
    args: {'shapes': 'inputs[0] = {1,640} outputs[0] = {1,1,640} ', 'cache_key': 'LstmStateCopy[to|0|0]:256,1,1:1:1|1|1|1:0;:'}

       0.002 ms  /decoder/dec_rnn/lstm/LSTM&LSTM&LstmStateCopy
    category: Api
    args: {'cache_key': 'LstmStateCopy[from|0]:256,1,1:1:1|1|1|1:0;:', 'shapes': 'inputs[0] = {1,1,640} outputs[0] = {1,640} '}

       0.002 ms  /decoder/dec_rnn/lstm/LSTM&LSTM&LstmStateCopy
    category: Api
    args: {'shapes': 'inputs[0] = {1,1,640} outputs[0] = {1,640} ', 'cache_key': 'LstmStateCopy[from|0]:256,1,1:1:1|1|1|1:0;:'}

       0.002 ms  /decoder/dec_rnn/lstm/LSTM&LSTM&LstmStateCopy
    category: Api
    args: {'cache_key': 'LstmStateCopy[to|0|0]:256,1,1:1:1|1|1|1:0;:', 'shapes': 'inputs[0] = {1,640} outputs[0] = {1,1,640} '}

       0.002 ms  /decoder/dec_rnn/lstm/LSTM&LSTM&LstmStateCopy
    category: Api
    args: {'cache_key': 'LstmStateCopy[to|0|0]:256,1,1:1:1|1|1|1:0;:', 'shapes': 'inputs[0] = {1,640} outputs[0] = {1,1,640} '}

       0.002 ms  /decoder/dec_rnn/lstm/LSTM_1&LSTM&LstmStateCopy
    category: Api
    args: {'cache_key': 'LstmStateCopy[from|0]:256,1,1:1:1|1|1|1:0;:', 'shapes': 'inputs[0] = {1,1,640} outputs[0] = {1,640} '}

       0.002 ms  /decoder/dec_rnn/lstm/LSTM_1&LSTM&LstmStateCopy
    category: Api
    args: {'shapes': 'inputs[0] = {1,1,640} outputs[0] = {1,640} ', 'cache_key': 'LstmStateCopy[from|0]:256,1,1:1:1|1|1|1:0;:'}

       0.002 ms  /decoder/dec_rnn/lstm/LSTM_1&LSTM&LstmStateCopy
    category: Api
    args: {'cache_key': 'LstmStateCopy[to|0|0]:256,1,1:1:1|1|1|1:0;:', 'shapes': 'inputs[0] = {1,640} outputs[0] = {1,1,640} '}

       0.002 ms  /decoder/dec_rnn/lstm/LSTM_1&LSTM&LstmStateCopy
    category: Api
    args: {'cache_key': 'LstmStateCopy[to|0|0]:256,1,1:1:1|1|1|1:0;:', 'shapes': 'inputs[0] = {1,640} outputs[0] = {1,1,640} '}

       0.002 ms  /decoder/dec_rnn/lstm/LSTM&LSTM&LstmStateCopy
    category: Api
    args: {'cache_key': 'LstmStateCopy[from|0]:256,1,1:1:1|1|1|1:0;:', 'shapes': 'inputs[0] = {1,1,640} outputs[0] = {1,640} '}

       0.002 ms  /decoder/dec_rnn/lstm/LSTM&LSTM&LstmStateCopy
    category: Api
    args: {'shapes': 'inputs[0] = {1,1,640} outputs[0] = {1,640} ', 'cache_key': 'LstmStateCopy[from|0]:256,1,1:1:1|1|1|1:0;:'}

       0.002 ms  /decoder/dec_rnn/lstm/LSTM&LSTM&LstmStateCopy
    category: Api
    args: {'shapes': 'inputs[0] = {1,640} outputs[0] = {1,1,640} ', 'cache_key': 'LstmStateCopy[to|0|0]:256,1,1:1:1|1|1|1:0;:'}

       0.002 ms  /decoder/dec_rnn/lstm/LSTM&LSTM&LstmStateCopy
    category: Api
    args: {'shapes': 'inputs[0] = {1,640} outputs[0] = {1,1,640} ', 'cache_key': 'LstmStateCopy[to|0|0]:256,1,1:1:1|1|1|1:0;:'}

       0.002 ms  /decoder/dec_rnn/lstm/LSTM_1&LSTM&LstmStateCopy
    category: Api
    args: {'cache_key': 'LstmStateCopy[from|0]:256,1,1:1:1|1|1|1:0;:', 'shapes': 'inputs[0] = {1,1,640} outputs[0] = {1,640} '}

       0.002 ms  /decoder/dec_rnn/lstm/LSTM_1&LSTM&LstmStateCopy
    category: Api
    args: {'cache_key': 'LstmStateCopy[from|0]:256,1,1:1:1|1|1|1:0;:', 'shapes': 'inputs[0] = {1,1,640} outputs[0] = {1,640} '}

       0.004 ms  /decoder/dec_rnn/lstm/LSTM_1&LSTM&LstmStateCopy
    category: Api
    args: {'shapes': 'inputs[0] = {1,640} outputs[0] = {1,1,640} ', 'cache_key': 'LstmStateCopy[to|0|0]:256,1,1:1:1|1|1|1:0;:'}

       0.002 ms  /decoder/dec_rnn/lstm/LSTM_1&LSTM&LstmStateCopy
    category: Api
    args: {'cache_key': 'LstmStateCopy[to|0|0]:256,1,1:1:1|1|1|1:0;:', 'shapes': 'inputs[0] = {1,640} outputs[0] = {1,1,640} '}

       0.002 ms  /decoder/dec_rnn/lstm/LSTM&LSTM&LstmStateCopy
    category: Api
    args: {'shapes': 'inputs[0] = {1,1,640} outputs[0] = {1,640} ', 'cache_key': 'LstmStateCopy[from|0]:256,1,1:1:1|1|1|1:0;:'}

       0.002 ms  /decoder/dec_rnn/lstm/LSTM&LSTM&LstmStateCopy
    category: Api
    args: {'shapes': 'inputs[0] = {1,1,640} outputs[0] = {1,640} ', 'cache_key': 'LstmStateCopy[from|0]:256,1,1:1:1|1|1|1:0;:'}

       0.002 ms  /decoder/dec_rnn/lstm/LSTM&LSTM&LstmStateCopy
    category: Api
    args: {'cache_key': 'LstmStateCopy[to|0|0]:256,1,1:1:1|1|1|1:0;:', 'shapes': 'inputs[0] = {1,640} outputs[0] = {1,1,640} '}

       0.002 ms  /decoder/dec_rnn/lstm/LSTM&LSTM&LstmStateCopy
    category: Api
    args: {'shapes': 'inputs[0] = {1,640} outputs[0] = {1,1,640} ', 'cache_key': 'LstmStateCopy[to|0|0]:256,1,1:1:1|1|1|1:0;:'}

       0.002 ms  /decoder/dec_rnn/lstm/LSTM_1&LSTM&LstmStateCopy
    category: Api
    args: {'shapes': 'inputs[0] = {1,1,640} outputs[0] = {1,640} ', 'cache_key': 'LstmStateCopy[from|0]:256,1,1:1:1|1|1|1:0;:'}

       0.002 ms  /decoder/dec_rnn/lstm/LSTM_1&LSTM&LstmStateCopy
    category: Api
    args: {'cache_key': 'LstmStateCopy[from|0]:256,1,1:1:1|1|1|1:0;:', 'shapes': 'inputs[0] = {1,1,640} outputs[0] = {1,640} '}

       0.002 ms  /decoder/dec_rnn/lstm/LSTM_1&LSTM&LstmStateCopy
    category: Api
    args: {'cache_key': 'LstmStateCopy[to|0|0]:256,1,1:1:1|1|1|1:0;:', 'shapes': 'inputs[0] = {1,640} outputs[0] = {1,1,640} '}

       0.002 ms  /decoder/dec_rnn/lstm/LSTM_1&LSTM&LstmStateCopy
    category: Api
    args: {'cache_key': 'LstmStateCopy[to|0|0]:256,1,1:1:1|1|1|1:0;:', 'shapes': 'inputs[0] = {1,640} outputs[0] = {1,1,640} '}

       0.002 ms  /decoder/dec_rnn/lstm/LSTM&LSTM&LstmStateCopy
    category: Api
    args: {'cache_key': 'LstmStateCopy[from|0]:256,1,1:1:1|1|1|1:0;:', 'shapes': 'inputs[0] = {1,1,640} outputs[0] = {1,640} '}

       0.002 ms  /decoder/dec_rnn/lstm/LSTM&LSTM&LstmStateCopy
    category: Api
    args: {'shapes': 'inputs[0] = {1,1,640} outputs[0] = {1,640} ', 'cache_key': 'LstmStateCopy[from|0]:256,1,1:1:1|1|1|1:0;:'}

       0.002 ms  /decoder/dec_rnn/lstm/LSTM&LSTM&LstmStateCopy
    category: Api
    args: {'cache_key': 'LstmStateCopy[to|0|0]:256,1,1:1:1|1|1|1:0;:', 'shapes': 'inputs[0] = {1,640} outputs[0] = {1,1,640} '}

       0.001 ms  /decoder/dec_rnn/lstm/LSTM&LSTM&LstmStateCopy
    category: Api
    args: {'cache_key': 'LstmStateCopy[to|0|0]:256,1,1:1:1|1|1|1:0;:', 'shapes': 'inputs[0] = {1,640} outputs[0] = {1,1,640} '}

       0.002 ms  /decoder/dec_rnn/lstm/LSTM_1&LSTM&LstmStateCopy
    category: Api
    args: {'shapes': 'inputs[0] = {1,1,640} outputs[0] = {1,640} ', 'cache_key': 'LstmStateCopy[from|0]:256,1,1:1:1|1|1|1:0;:'}

       0.002 ms  /decoder/dec_rnn/lstm/LSTM_1&LSTM&LstmStateCopy
    category: Api
    args: {'shapes': 'inputs[0] = {1,1,640} outputs[0] = {1,640} ', 'cache_key': 'LstmStateCopy[from|0]:256,1,1:1:1|1|1|1:0;:'}

       0.002 ms  /decoder/dec_rnn/lstm/LSTM_1&LSTM&LstmStateCopy
    category: Api
    args: {'cache_key': 'LstmStateCopy[to|0|0]:256,1,1:1:1|1|1|1:0;:', 'shapes': 'inputs[0] = {1,640} outputs[0] = {1,1,640} '}

       0.002 ms  /decoder/dec_rnn/lstm/LSTM_1&LSTM&LstmStateCopy
    category: Api
    args: {'cache_key': 'LstmStateCopy[to|0|0]:256,1,1:1:1|1|1|1:0;:', 'shapes': 'inputs[0] = {1,640} outputs[0] = {1,1,640} '}

       0.002 ms  /decoder/dec_rnn/lstm/LSTM&LSTM&LstmStateCopy
    category: Api
    args: {'shapes': 'inputs[0] = {1,1,640} outputs[0] = {1,640} ', 'cache_key': 'LstmStateCopy[from|0]:256,1,1:1:1|1|1|1:0;:'}

       0.002 ms  /decoder/dec_rnn/lstm/LSTM&LSTM&LstmStateCopy
    category: Api
    args: {'shapes': 'inputs[0] = {1,1,640} outputs[0] = {1,640} ', 'cache_key': 'LstmStateCopy[from|0]:256,1,1:1:1|1|1|1:0;:'}

       0.002 ms  /decoder/dec_rnn/lstm/LSTM&LSTM&LstmStateCopy
    category: Api
    args: {'shapes': 'inputs[0] = {1,640} outputs[0] = {1,1,640} ', 'cache_key': 'LstmStateCopy[to|0|0]:256,1,1:1:1|1|1|1:0;:'}

       0.002 ms  /decoder/dec_rnn/lstm/LSTM&LSTM&LstmStateCopy
    category: Api
    args: {'cache_key': 'LstmStateCopy[to|0|0]:256,1,1:1:1|1|1|1:0;:', 'shapes': 'inputs[0] = {1,640} outputs[0] = {1,1,640} '}

       0.002 ms  /decoder/dec_rnn/lstm/LSTM_1&LSTM&LstmStateCopy
    category: Api
    args: {'shapes': 'inputs[0] = {1,1,640} outputs[0] = {1,640} ', 'cache_key': 'LstmStateCopy[from|0]:256,1,1:1:1|1|1|1:0;:'}

       0.002 ms  /decoder/dec_rnn/lstm/LSTM_1&LSTM&LstmStateCopy
    category: Api
    args: {'cache_key': 'LstmStateCopy[from|0]:256,1,1:1:1|1|1|1:0;:', 'shapes': 'inputs[0] = {1,1,640} outputs[0] = {1,640} '}

       0.002 ms  /decoder/dec_rnn/lstm/LSTM_1&LSTM&LstmStateCopy
    category: Api
    args: {'shapes': 'inputs[0] = {1,640} outputs[0] = {1,1,640} ', 'cache_key': 'LstmStateCopy[to|0|0]:256,1,1:1:1|1|1|1:0;:'}

       0.002 ms  /decoder/dec_rnn/lstm/LSTM_1&LSTM&LstmStateCopy
    category: Api
    args: {'shapes': 'inputs[0] = {1,640} outputs[0] = {1,1,640} ', 'cache_key': 'LstmStateCopy[to|0|0]:256,1,1:1:1|1|1|1:0;:'}

       0.002 ms  /decoder/dec_rnn/lstm/LSTM&LSTM&LstmStateCopy
    category: Api
    args: {'cache_key': 'LstmStateCopy[from|0]:256,1,1:1:1|1|1|1:0;:', 'shapes': 'inputs[0] = {1,1,640} outputs[0] = {1,640} '}

       0.002 ms  /decoder/dec_rnn/lstm/LSTM&LSTM&LstmStateCopy
    category: Api
    args: {'shapes': 'inputs[0] = {1,1,640} outputs[0] = {1,640} ', 'cache_key': 'LstmStateCopy[from|0]:256,1,1:1:1|1|1|1:0;:'}

       0.002 ms  /decoder/dec_rnn/lstm/LSTM&LSTM&LstmStateCopy
    category: Api
    args: {'cache_key': 'LstmStateCopy[to|0|0]:256,1,1:1:1|1|1|1:0;:', 'shapes': 'inputs[0] = {1,640} outputs[0] = {1,1,640} '}

       0.002 ms  /decoder/dec_rnn/lstm/LSTM&LSTM&LstmStateCopy
    category: Api
    args: {'shapes': 'inputs[0] = {1,640} outputs[0] = {1,1,640} ', 'cache_key': 'LstmStateCopy[to|0|0]:256,1,1:1:1|1|1|1:0;:'}

       0.002 ms  /decoder/dec_rnn/lstm/LSTM_1&LSTM&LstmStateCopy
    category: Api
    args: {'cache_key': 'LstmStateCopy[from|0]:256,1,1:1:1|1|1|1:0;:', 'shapes': 'inputs[0] = {1,1,640} outputs[0] = {1,640} '}

       0.002 ms  /decoder/dec_rnn/lstm/LSTM_1&LSTM&LstmStateCopy
    category: Api
    args: {'shapes': 'inputs[0] = {1,1,640} outputs[0] = {1,640} ', 'cache_key': 'LstmStateCopy[from|0]:256,1,1:1:1|1|1|1:0;:'}

       0.015 ms  /decoder/dec_rnn/lstm/LSTM_1&LSTM&LstmStateCopy
    category: Api
    args: {'shapes': 'inputs[0] = {1,640} outputs[0] = {1,1,640} ', 'cache_key': 'LstmStateCopy[to|0|0]:256,1,1:1:1|1|1|1:0;:'}

       0.002 ms  /decoder/dec_rnn/lstm/LSTM_1&LSTM&LstmStateCopy
    category: Api
    args: {'shapes': 'inputs[0] = {1,640} outputs[0] = {1,1,640} ', 'cache_key': 'LstmStateCopy[to|0|0]:256,1,1:1:1|1|1|1:0;:'}

       0.002 ms  /decoder/dec_rnn/lstm/LSTM&LSTM&LstmStateCopy
    category: Api
    args: {'shapes': 'inputs[0] = {1,1,640} outputs[0] = {1,640} ', 'cache_key': 'LstmStateCopy[from|0]:256,1,1:1:1|1|1|1:0;:'}

       0.002 ms  /decoder/dec_rnn/lstm/LSTM&LSTM&LstmStateCopy
    category: Api
    args: {'shapes': 'inputs[0] = {1,1,640} outputs[0] = {1,640} ', 'cache_key': 'LstmStateCopy[from|0]:256,1,1:1:1|1|1|1:0;:'}

       0.002 ms  /decoder/dec_rnn/lstm/LSTM&LSTM&LstmStateCopy
    category: Api
    args: {'cache_key': 'LstmStateCopy[to|0|0]:256,1,1:1:1|1|1|1:0;:', 'shapes': 'inputs[0] = {1,640} outputs[0] = {1,1,640} '}

       0.002 ms  /decoder/dec_rnn/lstm/LSTM&LSTM&LstmStateCopy
    category: Api
    args: {'cache_key': 'LstmStateCopy[to|0|0]:256,1,1:1:1|1|1|1:0;:', 'shapes': 'inputs[0] = {1,640} outputs[0] = {1,1,640} '}

       0.002 ms  /decoder/dec_rnn/lstm/LSTM_1&LSTM&LstmStateCopy
    category: Api
    args: {'shapes': 'inputs[0] = {1,1,640} outputs[0] = {1,640} ', 'cache_key': 'LstmStateCopy[from|0]:256,1,1:1:1|1|1|1:0;:'}

       0.002 ms  /decoder/dec_rnn/lstm/LSTM_1&LSTM&LstmStateCopy
    category: Api
    args: {'cache_key': 'LstmStateCopy[from|0]:256,1,1:1:1|1|1|1:0;:', 'shapes': 'inputs[0] = {1,1,640} outputs[0] = {1,640} '}

       0.002 ms  /decoder/dec_rnn/lstm/LSTM_1&LSTM&LstmStateCopy
    category: Api
    args: {'cache_key': 'LstmStateCopy[to|0|0]:256,1,1:1:1|1|1|1:0;:', 'shapes': 'inputs[0] = {1,640} outputs[0] = {1,1,640} '}

       0.002 ms  /decoder/dec_rnn/lstm/LSTM_1&LSTM&LstmStateCopy
    category: Api
    args: {'shapes': 'inputs[0] = {1,640} outputs[0] = {1,1,640} ', 'cache_key': 'LstmStateCopy[to|0|0]:256,1,1:1:1|1|1|1:0;:'}

       0.002 ms  /decoder/dec_rnn/lstm/LSTM&LSTM&LstmStateCopy
    category: Api
    args: {'shapes': 'inputs[0] = {1,1,640} outputs[0] = {1,640} ', 'cache_key': 'LstmStateCopy[from|0]:256,1,1:1:1|1|1|1:0;:'}

       0.002 ms  /decoder/dec_rnn/lstm/LSTM&LSTM&LstmStateCopy
    category: Api
    args: {'shapes': 'inputs[0] = {1,1,640} outputs[0] = {1,640} ', 'cache_key': 'LstmStateCopy[from|0]:256,1,1:1:1|1|1|1:0;:'}

       0.002 ms  /decoder/dec_rnn/lstm/LSTM&LSTM&LstmStateCopy
    category: Api
    args: {'cache_key': 'LstmStateCopy[to|0|0]:256,1,1:1:1|1|1|1:0;:', 'shapes': 'inputs[0] = {1,640} outputs[0] = {1,1,640} '}

       0.002 ms  /decoder/dec_rnn/lstm/LSTM&LSTM&LstmStateCopy
    category: Api
    args: {'shapes': 'inputs[0] = {1,640} outputs[0] = {1,1,640} ', 'cache_key': 'LstmStateCopy[to|0|0]:256,1,1:1:1|1|1|1:0;:'}

       0.002 ms  /decoder/dec_rnn/lstm/LSTM_1&LSTM&LstmStateCopy
    category: Api
    args: {'cache_key': 'LstmStateCopy[from|0]:256,1,1:1:1|1|1|1:0;:', 'shapes': 'inputs[0] = {1,1,640} outputs[0] = {1,640} '}

       0.002 ms  /decoder/dec_rnn/lstm/LSTM_1&LSTM&LstmStateCopy
    category: Api
    args: {'cache_key': 'LstmStateCopy[from|0]:256,1,1:1:1|1|1|1:0;:', 'shapes': 'inputs[0] = {1,1,640} outputs[0] = {1,640} '}

       0.002 ms  /decoder/dec_rnn/lstm/LSTM_1&LSTM&LstmStateCopy
    category: Api
    args: {'cache_key': 'LstmStateCopy[to|0|0]:256,1,1:1:1|1|1|1:0;:', 'shapes': 'inputs[0] = {1,640} outputs[0] = {1,1,640} '}

       0.002 ms  /decoder/dec_rnn/lstm/LSTM_1&LSTM&LstmStateCopy
    category: Api
    args: {'cache_key': 'LstmStateCopy[to|0|0]:256,1,1:1:1|1|1|1:0;:', 'shapes': 'inputs[0] = {1,640} outputs[0] = {1,1,640} '}

       0.002 ms  /decoder/dec_rnn/lstm/LSTM&LSTM&LstmStateCopy
    category: Api
    args: {'cache_key': 'LstmStateCopy[from|0]:256,1,1:1:1|1|1|1:0;:', 'shapes': 'inputs[0] = {1,1,640} outputs[0] = {1,640} '}

       0.002 ms  /decoder/dec_rnn/lstm/LSTM&LSTM&LstmStateCopy
    category: Api
    args: {'cache_key': 'LstmStateCopy[from|0]:256,1,1:1:1|1|1|1:0;:', 'shapes': 'inputs[0] = {1,1,640} outputs[0] = {1,640} '}

       0.002 ms  /decoder/dec_rnn/lstm/LSTM&LSTM&LstmStateCopy
    category: Api
    args: {'shapes': 'inputs[0] = {1,640} outputs[0] = {1,1,640} ', 'cache_key': 'LstmStateCopy[to|0|0]:256,1,1:1:1|1|1|1:0;:'}

       0.002 ms  /decoder/dec_rnn/lstm/LSTM&LSTM&LstmStateCopy
    category: Api
    args: {'shapes': 'inputs[0] = {1,640} outputs[0] = {1,1,640} ', 'cache_key': 'LstmStateCopy[to|0|0]:256,1,1:1:1|1|1|1:0;:'}

       0.002 ms  /decoder/dec_rnn/lstm/LSTM_1&LSTM&LstmStateCopy
    category: Api
    args: {'shapes': 'inputs[0] = {1,1,640} outputs[0] = {1,640} ', 'cache_key': 'LstmStateCopy[from|0]:256,1,1:1:1|1|1|1:0;:'}

       0.002 ms  /decoder/dec_rnn/lstm/LSTM_1&LSTM&LstmStateCopy
    category: Api
    args: {'cache_key': 'LstmStateCopy[from|0]:256,1,1:1:1|1|1|1:0;:', 'shapes': 'inputs[0] = {1,1,640} outputs[0] = {1,640} '}

       0.002 ms  /decoder/dec_rnn/lstm/LSTM_1&LSTM&LstmStateCopy
    category: Api
    args: {'cache_key': 'LstmStateCopy[to|0|0]:256,1,1:1:1|1|1|1:0;:', 'shapes': 'inputs[0] = {1,640} outputs[0] = {1,1,640} '}

       0.002 ms  /decoder/dec_rnn/lstm/LSTM_1&LSTM&LstmStateCopy
    category: Api
    args: {'cache_key': 'LstmStateCopy[to|0|0]:256,1,1:1:1|1|1|1:0;:', 'shapes': 'inputs[0] = {1,640} outputs[0] = {1,1,640} '}

       0.002 ms  /decoder/dec_rnn/lstm/LSTM&LSTM&LstmStateCopy
    category: Api
    args: {'shapes': 'inputs[0] = {1,1,640} outputs[0] = {1,640} ', 'cache_key': 'LstmStateCopy[from|0]:256,1,1:1:1|1|1|1:0;:'}

       0.002 ms  /decoder/dec_rnn/lstm/LSTM&LSTM&LstmStateCopy
    category: Api
    args: {'cache_key': 'LstmStateCopy[from|0]:256,1,1:1:1|1|1|1:0;:', 'shapes': 'inputs[0] = {1,1,640} outputs[0] = {1,640} '}

       0.015 ms  /decoder/dec_rnn/lstm/LSTM&LSTM&LstmStateCopy
    category: Api
    args: {'shapes': 'inputs[0] = {1,640} outputs[0] = {1,1,640} ', 'cache_key': 'LstmStateCopy[to|0|0]:256,1,1:1:1|1|1|1:0;:'}

       0.002 ms  /decoder/dec_rnn/lstm/LSTM&LSTM&LstmStateCopy
    category: Api
    args: {'shapes': 'inputs[0] = {1,640} outputs[0] = {1,1,640} ', 'cache_key': 'LstmStateCopy[to|0|0]:256,1,1:1:1|1|1|1:0;:'}

       0.002 ms  /decoder/dec_rnn/lstm/LSTM_1&LSTM&LstmStateCopy
    category: Api
    args: {'cache_key': 'LstmStateCopy[from|0]:256,1,1:1:1|1|1|1:0;:', 'shapes': 'inputs[0] = {1,1,640} outputs[0] = {1,640} '}

       0.001 ms  /decoder/dec_rnn/lstm/LSTM_1&LSTM&LstmStateCopy
    category: Api
    args: {'shapes': 'inputs[0] = {1,1,640} outputs[0] = {1,640} ', 'cache_key': 'LstmStateCopy[from|0]:256,1,1:1:1|1|1|1:0;:'}

       0.463 ms  /decoder/dec_rnn/lstm/LSTM_1&LSTM&LstmStateCopy
    category: Api
    args: {'cache_key': 'LstmStateCopy[to|0|0]:256,1,1:1:1|1|1|1:0;:', 'shapes': 'inputs[0] = {1,640} outputs[0] = {1,1,640} '}

       0.002 ms  /decoder/dec_rnn/lstm/LSTM_1&LSTM&LstmStateCopy
    category: Api
    args: {'shapes': 'inputs[0] = {1,640} outputs[0] = {1,1,640} ', 'cache_key': 'LstmStateCopy[to|0|0]:256,1,1:1:1|1|1|1:0;:'}

       0.002 ms  /decoder/dec_rnn/lstm/LSTM&LSTM&LstmStateCopy
    category: Api
    args: {'cache_key': 'LstmStateCopy[from|0]:256,1,1:1:1|1|1|1:0;:', 'shapes': 'inputs[0] = {1,1,640} outputs[0] = {1,640} '}

       0.002 ms  /decoder/dec_rnn/lstm/LSTM&LSTM&LstmStateCopy
    category: Api
    args: {'cache_key': 'LstmStateCopy[from|0]:256,1,1:1:1|1|1|1:0;:', 'shapes': 'inputs[0] = {1,1,640} outputs[0] = {1,640} '}

       0.002 ms  /decoder/dec_rnn/lstm/LSTM&LSTM&LstmStateCopy
    category: Api
    args: {'shapes': 'inputs[0] = {1,640} outputs[0] = {1,1,640} ', 'cache_key': 'LstmStateCopy[to|0|0]:256,1,1:1:1|1|1|1:0;:'}

       0.002 ms  /decoder/dec_rnn/lstm/LSTM&LSTM&LstmStateCopy
    category: Api
    args: {'shapes': 'inputs[0] = {1,640} outputs[0] = {1,1,640} ', 'cache_key': 'LstmStateCopy[to|0|0]:256,1,1:1:1|1|1|1:0;:'}

       0.002 ms  /decoder/dec_rnn/lstm/LSTM_1&LSTM&LstmStateCopy
    category: Api
    args: {'cache_key': 'LstmStateCopy[from|0]:256,1,1:1:1|1|1|1:0;:', 'shapes': 'inputs[0] = {1,1,640} outputs[0] = {1,640} '}

       0.002 ms  /decoder/dec_rnn/lstm/LSTM_1&LSTM&LstmStateCopy
    category: Api
    args: {'shapes': 'inputs[0] = {1,1,640} outputs[0] = {1,640} ', 'cache_key': 'LstmStateCopy[from|0]:256,1,1:1:1|1|1|1:0;:'}

       0.002 ms  /decoder/dec_rnn/lstm/LSTM_1&LSTM&LstmStateCopy
    category: Api
    args: {'cache_key': 'LstmStateCopy[to|0|0]:256,1,1:1:1|1|1|1:0;:', 'shapes': 'inputs[0] = {1,640} outputs[0] = {1,1,640} '}

       0.002 ms  /decoder/dec_rnn/lstm/LSTM_1&LSTM&LstmStateCopy
    category: Api
    args: {'cache_key': 'LstmStateCopy[to|0|0]:256,1,1:1:1|1|1|1:0;:', 'shapes': 'inputs[0] = {1,640} outputs[0] = {1,1,640} '}

       0.002 ms  /decoder/dec_rnn/lstm/LSTM&LSTM&LstmStateCopy
    category: Api
    args: {'shapes': 'inputs[0] = {1,1,640} outputs[0] = {1,640} ', 'cache_key': 'LstmStateCopy[from|0]:256,1,1:1:1|1|1|1:0;:'}

       0.002 ms  /decoder/dec_rnn/lstm/LSTM&LSTM&LstmStateCopy
    category: Api
    args: {'cache_key': 'LstmStateCopy[from|0]:256,1,1:1:1|1|1|1:0;:', 'shapes': 'inputs[0] = {1,1,640} outputs[0] = {1,640} '}

       0.002 ms  /decoder/dec_rnn/lstm/LSTM&LSTM&LstmStateCopy
    category: Api
    args: {'cache_key': 'LstmStateCopy[to|0|0]:256,1,1:1:1|1|1|1:0;:', 'shapes': 'inputs[0] = {1,640} outputs[0] = {1,1,640} '}

       0.002 ms  /decoder/dec_rnn/lstm/LSTM&LSTM&LstmStateCopy
    category: Api
    args: {'shapes': 'inputs[0] = {1,640} outputs[0] = {1,1,640} ', 'cache_key': 'LstmStateCopy[to|0|0]:256,1,1:1:1|1|1|1:0;:'}

       0.002 ms  /decoder/dec_rnn/lstm/LSTM_1&LSTM&LstmStateCopy
    category: Api
    args: {'shapes': 'inputs[0] = {1,1,640} outputs[0] = {1,640} ', 'cache_key': 'LstmStateCopy[from|0]:256,1,1:1:1|1|1|1:0;:'}

       0.002 ms  /decoder/dec_rnn/lstm/LSTM_1&LSTM&LstmStateCopy
    category: Api
    args: {'shapes': 'inputs[0] = {1,1,640} outputs[0] = {1,640} ', 'cache_key': 'LstmStateCopy[from|0]:256,1,1:1:1|1|1|1:0;:'}

       0.002 ms  /decoder/dec_rnn/lstm/LSTM_1&LSTM&LstmStateCopy
    category: Api
    args: {'shapes': 'inputs[0] = {1,640} outputs[0] = {1,1,640} ', 'cache_key': 'LstmStateCopy[to|0|0]:256,1,1:1:1|1|1|1:0;:'}

       0.002 ms  /decoder/dec_rnn/lstm/LSTM_1&LSTM&LstmStateCopy
    category: Api
    args: {'cache_key': 'LstmStateCopy[to|0|0]:256,1,1:1:1|1|1|1:0;:', 'shapes': 'inputs[0] = {1,640} outputs[0] = {1,1,640} '}

       0.002 ms  /decoder/dec_rnn/lstm/LSTM&LSTM&LstmStateCopy
    category: Api
    args: {'cache_key': 'LstmStateCopy[from|0]:256,1,1:1:1|1|1|1:0;:', 'shapes': 'inputs[0] = {1,1,640} outputs[0] = {1,640} '}

       0.002 ms  /decoder/dec_rnn/lstm/LSTM&LSTM&LstmStateCopy
    category: Api
    args: {'shapes': 'inputs[0] = {1,1,640} outputs[0] = {1,640} ', 'cache_key': 'LstmStateCopy[from|0]:256,1,1:1:1|1|1|1:0;:'}

       0.002 ms  /decoder/dec_rnn/lstm/LSTM&LSTM&LstmStateCopy
    category: Api
    args: {'cache_key': 'LstmStateCopy[to|0|0]:256,1,1:1:1|1|1|1:0;:', 'shapes': 'inputs[0] = {1,640} outputs[0] = {1,1,640} '}

       0.002 ms  /decoder/dec_rnn/lstm/LSTM&LSTM&LstmStateCopy
    category: Api
    args: {'shapes': 'inputs[0] = {1,640} outputs[0] = {1,1,640} ', 'cache_key': 'LstmStateCopy[to|0|0]:256,1,1:1:1|1|1|1:0;:'}

       0.002 ms  /decoder/dec_rnn/lstm/LSTM_1&LSTM&LstmStateCopy
    category: Api
    args: {'shapes': 'inputs[0] = {1,1,640} outputs[0] = {1,640} ', 'cache_key': 'LstmStateCopy[from|0]:256,1,1:1:1|1|1|1:0;:'}

       0.002 ms  /decoder/dec_rnn/lstm/LSTM_1&LSTM&LstmStateCopy
    category: Api
    args: {'shapes': 'inputs[0] = {1,1,640} outputs[0] = {1,640} ', 'cache_key': 'LstmStateCopy[from|0]:256,1,1:1:1|1|1|1:0;:'}

       0.002 ms  /decoder/dec_rnn/lstm/LSTM_1&LSTM&LstmStateCopy
    category: Api
    args: {'cache_key': 'LstmStateCopy[to|0|0]:256,1,1:1:1|1|1|1:0;:', 'shapes': 'inputs[0] = {1,640} outputs[0] = {1,1,640} '}

       0.002 ms  /decoder/dec_rnn/lstm/LSTM_1&LSTM&LstmStateCopy
    category: Api
    args: {'shapes': 'inputs[0] = {1,640} outputs[0] = {1,1,640} ', 'cache_key': 'LstmStateCopy[to|0|0]:256,1,1:1:1|1|1|1:0;:'}

       0.002 ms  /decoder/dec_rnn/lstm/LSTM&LSTM&LstmStateCopy
    category: Api
    args: {'cache_key': 'LstmStateCopy[from|0]:256,1,1:1:1|1|1|1:0;:', 'shapes': 'inputs[0] = {1,1,640} outputs[0] = {1,640} '}

       0.002 ms  /decoder/dec_rnn/lstm/LSTM&LSTM&LstmStateCopy
    category: Api
    args: {'cache_key': 'LstmStateCopy[from|0]:256,1,1:1:1|1|1|1:0;:', 'shapes': 'inputs[0] = {1,1,640} outputs[0] = {1,640} '}

       0.002 ms  /decoder/dec_rnn/lstm/LSTM&LSTM&LstmStateCopy
    category: Api
    args: {'cache_key': 'LstmStateCopy[to|0|0]:256,1,1:1:1|1|1|1:0;:', 'shapes': 'inputs[0] = {1,640} outputs[0] = {1,1,640} '}

       0.002 ms  /decoder/dec_rnn/lstm/LSTM&LSTM&LstmStateCopy
    category: Api
    args: {'cache_key': 'LstmStateCopy[to|0|0]:256,1,1:1:1|1|1|1:0;:', 'shapes': 'inputs[0] = {1,640} outputs[0] = {1,1,640} '}

       0.002 ms  /decoder/dec_rnn/lstm/LSTM_1&LSTM&LstmStateCopy
    category: Api
    args: {'cache_key': 'LstmStateCopy[from|0]:256,1,1:1:1|1|1|1:0;:', 'shapes': 'inputs[0] = {1,1,640} outputs[0] = {1,640} '}

       0.002 ms  /decoder/dec_rnn/lstm/LSTM_1&LSTM&LstmStateCopy
    category: Api
    args: {'shapes': 'inputs[0] = {1,1,640} outputs[0] = {1,640} ', 'cache_key': 'LstmStateCopy[from|0]:256,1,1:1:1|1|1|1:0;:'}

       0.002 ms  /decoder/dec_rnn/lstm/LSTM_1&LSTM&LstmStateCopy
    category: Api
    args: {'cache_key': 'LstmStateCopy[to|0|0]:256,1,1:1:1|1|1|1:0;:', 'shapes': 'inputs[0] = {1,640} outputs[0] = {1,1,640} '}

       0.001 ms  /decoder/dec_rnn/lstm/LSTM_1&LSTM&LstmStateCopy
    category: Api
    args: {'shapes': 'inputs[0] = {1,640} outputs[0] = {1,1,640} ', 'cache_key': 'LstmStateCopy[to|0|0]:256,1,1:1:1|1|1|1:0;:'}

       0.002 ms  /decoder/dec_rnn/lstm/LSTM&LSTM&LstmStateCopy
    category: Api
    args: {'shapes': 'inputs[0] = {1,1,640} outputs[0] = {1,640} ', 'cache_key': 'LstmStateCopy[from|0]:256,1,1:1:1|1|1|1:0;:'}

       0.002 ms  /decoder/dec_rnn/lstm/LSTM&LSTM&LstmStateCopy
    category: Api
    args: {'shapes': 'inputs[0] = {1,1,640} outputs[0] = {1,640} ', 'cache_key': 'LstmStateCopy[from|0]:256,1,1:1:1|1|1|1:0;:'}

       0.002 ms  /decoder/dec_rnn/lstm/LSTM&LSTM&LstmStateCopy
    category: Api
    args: {'cache_key': 'LstmStateCopy[to|0|0]:256,1,1:1:1|1|1|1:0;:', 'shapes': 'inputs[0] = {1,640} outputs[0] = {1,1,640} '}

       0.002 ms  /decoder/dec_rnn/lstm/LSTM&LSTM&LstmStateCopy
    category: Api
    args: {'cache_key': 'LstmStateCopy[to|0|0]:256,1,1:1:1|1|1|1:0;:', 'shapes': 'inputs[0] = {1,640} outputs[0] = {1,1,640} '}

       0.002 ms  /decoder/dec_rnn/lstm/LSTM_1&LSTM&LstmStateCopy
    category: Api
    args: {'shapes': 'inputs[0] = {1,1,640} outputs[0] = {1,640} ', 'cache_key': 'LstmStateCopy[from|0]:256,1,1:1:1|1|1|1:0;:'}

       0.002 ms  /decoder/dec_rnn/lstm/LSTM_1&LSTM&LstmStateCopy
    category: Api
    args: {'shapes': 'inputs[0] = {1,1,640} outputs[0] = {1,640} ', 'cache_key': 'LstmStateCopy[from|0]:256,1,1:1:1|1|1|1:0;:'}

       0.002 ms  /decoder/dec_rnn/lstm/LSTM_1&LSTM&LstmStateCopy
    category: Api
    args: {'shapes': 'inputs[0] = {1,640} outputs[0] = {1,1,640} ', 'cache_key': 'LstmStateCopy[to|0|0]:256,1,1:1:1|1|1|1:0;:'}

       0.002 ms  /decoder/dec_rnn/lstm/LSTM_1&LSTM&LstmStateCopy
    category: Api
    args: {'cache_key': 'LstmStateCopy[to|0|0]:256,1,1:1:1|1|1|1:0;:', 'shapes': 'inputs[0] = {1,640} outputs[0] = {1,1,640} '}

       0.002 ms  /decoder/dec_rnn/lstm/LSTM&LSTM&LstmStateCopy
    category: Api
    args: {'cache_key': 'LstmStateCopy[from|0]:256,1,1:1:1|1|1|1:0;:', 'shapes': 'inputs[0] = {1,1,640} outputs[0] = {1,640} '}

       0.002 ms  /decoder/dec_rnn/lstm/LSTM&LSTM&LstmStateCopy
    category: Api
    args: {'cache_key': 'LstmStateCopy[from|0]:256,1,1:1:1|1|1|1:0;:', 'shapes': 'inputs[0] = {1,1,640} outputs[0] = {1,640} '}

       0.002 ms  /decoder/dec_rnn/lstm/LSTM&LSTM&LstmStateCopy
    category: Api
    args: {'cache_key': 'LstmStateCopy[to|0|0]:256,1,1:1:1|1|1|1:0;:', 'shapes': 'inputs[0] = {1,640} outputs[0] = {1,1,640} '}

       0.001 ms  /decoder/dec_rnn/lstm/LSTM&LSTM&LstmStateCopy
    category: Api
    args: {'cache_key': 'LstmStateCopy[to|0|0]:256,1,1:1:1|1|1|1:0;:', 'shapes': 'inputs[0] = {1,640} outputs[0] = {1,1,640} '}

       0.002 ms  /decoder/dec_rnn/lstm/LSTM_1&LSTM&LstmStateCopy
    category: Api
    args: {'shapes': 'inputs[0] = {1,1,640} outputs[0] = {1,640} ', 'cache_key': 'LstmStateCopy[from|0]:256,1,1:1:1|1|1|1:0;:'}

       0.002 ms  /decoder/dec_rnn/lstm/LSTM_1&LSTM&LstmStateCopy
    category: Api
    args: {'shapes': 'inputs[0] = {1,1,640} outputs[0] = {1,640} ', 'cache_key': 'LstmStateCopy[from|0]:256,1,1:1:1|1|1|1:0;:'}

       0.002 ms  /decoder/dec_rnn/lstm/LSTM_1&LSTM&LstmStateCopy
    category: Api
    args: {'shapes': 'inputs[0] = {1,640} outputs[0] = {1,1,640} ', 'cache_key': 'LstmStateCopy[to|0|0]:256,1,1:1:1|1|1|1:0;:'}

       0.002 ms  /decoder/dec_rnn/lstm/LSTM_1&LSTM&LstmStateCopy
    category: Api
    args: {'shapes': 'inputs[0] = {1,640} outputs[0] = {1,1,640} ', 'cache_key': 'LstmStateCopy[to|0|0]:256,1,1:1:1|1|1|1:0;:'}

       0.002 ms  /decoder/dec_rnn/lstm/LSTM&LSTM&LstmStateCopy
    category: Api
    args: {'cache_key': 'LstmStateCopy[from|0]:256,1,1:1:1|1|1|1:0;:', 'shapes': 'inputs[0] = {1,1,640} outputs[0] = {1,640} '}

       0.002 ms  /decoder/dec_rnn/lstm/LSTM&LSTM&LstmStateCopy
    category: Api
    args: {'cache_key': 'LstmStateCopy[from|0]:256,1,1:1:1|1|1|1:0;:', 'shapes': 'inputs[0] = {1,1,640} outputs[0] = {1,640} '}

       0.002 ms  /decoder/dec_rnn/lstm/LSTM&LSTM&LstmStateCopy
    category: Api
    args: {'cache_key': 'LstmStateCopy[to|0|0]:256,1,1:1:1|1|1|1:0;:', 'shapes': 'inputs[0] = {1,640} outputs[0] = {1,1,640} '}

       0.002 ms  /decoder/dec_rnn/lstm/LSTM&LSTM&LstmStateCopy
    category: Api
    args: {'cache_key': 'LstmStateCopy[to|0|0]:256,1,1:1:1|1|1|1:0;:', 'shapes': 'inputs[0] = {1,640} outputs[0] = {1,1,640} '}

       0.002 ms  /decoder/dec_rnn/lstm/LSTM_1&LSTM&LstmStateCopy
    category: Api
    args: {'shapes': 'inputs[0] = {1,1,640} outputs[0] = {1,640} ', 'cache_key': 'LstmStateCopy[from|0]:256,1,1:1:1|1|1|1:0;:'}

       0.002 ms  /decoder/dec_rnn/lstm/LSTM_1&LSTM&LstmStateCopy
    category: Api
    args: {'shapes': 'inputs[0] = {1,1,640} outputs[0] = {1,640} ', 'cache_key': 'LstmStateCopy[from|0]:256,1,1:1:1|1|1|1:0;:'}

       0.002 ms  /decoder/dec_rnn/lstm/LSTM_1&LSTM&LstmStateCopy
    category: Api
    args: {'cache_key': 'LstmStateCopy[to|0|0]:256,1,1:1:1|1|1|1:0;:', 'shapes': 'inputs[0] = {1,640} outputs[0] = {1,1,640} '}

       0.002 ms  /decoder/dec_rnn/lstm/LSTM_1&LSTM&LstmStateCopy
    category: Api
    args: {'shapes': 'inputs[0] = {1,640} outputs[0] = {1,1,640} ', 'cache_key': 'LstmStateCopy[to|0|0]:256,1,1:1:1|1|1|1:0;:'}

       0.002 ms  /decoder/dec_rnn/lstm/LSTM&LSTM&LstmStateCopy
    category: Api
    args: {'shapes': 'inputs[0] = {1,1,640} outputs[0] = {1,640} ', 'cache_key': 'LstmStateCopy[from|0]:256,1,1:1:1|1|1|1:0;:'}

       0.002 ms  /decoder/dec_rnn/lstm/LSTM&LSTM&LstmStateCopy
    category: Api
    args: {'cache_key': 'LstmStateCopy[from|0]:256,1,1:1:1|1|1|1:0;:', 'shapes': 'inputs[0] = {1,1,640} outputs[0] = {1,640} '}

       0.002 ms  /decoder/dec_rnn/lstm/LSTM&LSTM&LstmStateCopy
    category: Api
    args: {'cache_key': 'LstmStateCopy[to|0|0]:256,1,1:1:1|1|1|1:0;:', 'shapes': 'inputs[0] = {1,640} outputs[0] = {1,1,640} '}

       0.002 ms  /decoder/dec_rnn/lstm/LSTM&LSTM&LstmStateCopy
    category: Api
    args: {'cache_key': 'LstmStateCopy[to|0|0]:256,1,1:1:1|1|1|1:0;:', 'shapes': 'inputs[0] = {1,640} outputs[0] = {1,1,640} '}

       0.002 ms  /decoder/dec_rnn/lstm/LSTM_1&LSTM&LstmStateCopy
    category: Api
    args: {'cache_key': 'LstmStateCopy[from|0]:256,1,1:1:1|1|1|1:0;:', 'shapes': 'inputs[0] = {1,1,640} outputs[0] = {1,640} '}

       0.002 ms  /decoder/dec_rnn/lstm/LSTM_1&LSTM&LstmStateCopy
    category: Api
    args: {'shapes': 'inputs[0] = {1,1,640} outputs[0] = {1,640} ', 'cache_key': 'LstmStateCopy[from|0]:256,1,1:1:1|1|1|1:0;:'}

       0.004 ms  /decoder/dec_rnn/lstm/LSTM_1&LSTM&LstmStateCopy
    category: Api
    args: {'shapes': 'inputs[0] = {1,640} outputs[0] = {1,1,640} ', 'cache_key': 'LstmStateCopy[to|0|0]:256,1,1:1:1|1|1|1:0;:'}

       0.002 ms  /decoder/dec_rnn/lstm/LSTM_1&LSTM&LstmStateCopy
    category: Api
    args: {'shapes': 'inputs[0] = {1,640} outputs[0] = {1,1,640} ', 'cache_key': 'LstmStateCopy[to|0|0]:256,1,1:1:1|1|1|1:0;:'}

       0.002 ms  /decoder/dec_rnn/lstm/LSTM&LSTM&LstmStateCopy
    category: Api
    args: {'shapes': 'inputs[0] = {1,1,640} outputs[0] = {1,640} ', 'cache_key': 'LstmStateCopy[from|0]:256,1,1:1:1|1|1|1:0;:'}

       0.002 ms  /decoder/dec_rnn/lstm/LSTM&LSTM&LstmStateCopy
    category: Api
    args: {'shapes': 'inputs[0] = {1,1,640} outputs[0] = {1,640} ', 'cache_key': 'LstmStateCopy[from|0]:256,1,1:1:1|1|1|1:0;:'}

       0.002 ms  /decoder/dec_rnn/lstm/LSTM&LSTM&LstmStateCopy
    category: Api
    args: {'cache_key': 'LstmStateCopy[to|0|0]:256,1,1:1:1|1|1|1:0;:', 'shapes': 'inputs[0] = {1,640} outputs[0] = {1,1,640} '}

       0.002 ms  /decoder/dec_rnn/lstm/LSTM&LSTM&LstmStateCopy
    category: Api
    args: {'cache_key': 'LstmStateCopy[to|0|0]:256,1,1:1:1|1|1|1:0;:', 'shapes': 'inputs[0] = {1,640} outputs[0] = {1,1,640} '}

       0.002 ms  /decoder/dec_rnn/lstm/LSTM_1&LSTM&LstmStateCopy
    category: Api
    args: {'cache_key': 'LstmStateCopy[from|0]:256,1,1:1:1|1|1|1:0;:', 'shapes': 'inputs[0] = {1,1,640} outputs[0] = {1,640} '}

       0.002 ms  /decoder/dec_rnn/lstm/LSTM_1&LSTM&LstmStateCopy
    category: Api
    args: {'cache_key': 'LstmStateCopy[from|0]:256,1,1:1:1|1|1|1:0;:', 'shapes': 'inputs[0] = {1,1,640} outputs[0] = {1,640} '}

       0.002 ms  /decoder/dec_rnn/lstm/LSTM_1&LSTM&LstmStateCopy
    category: Api
    args: {'cache_key': 'LstmStateCopy[to|0|0]:256,1,1:1:1|1|1|1:0;:', 'shapes': 'inputs[0] = {1,640} outputs[0] = {1,1,640} '}

       0.002 ms  /decoder/dec_rnn/lstm/LSTM_1&LSTM&LstmStateCopy
    category: Api
    args: {'shapes': 'inputs[0] = {1,640} outputs[0] = {1,1,640} ', 'cache_key': 'LstmStateCopy[to|0|0]:256,1,1:1:1|1|1|1:0;:'}

       0.002 ms  /decoder/dec_rnn/lstm/LSTM&LSTM&LstmStateCopy
    category: Api
    args: {'shapes': 'inputs[0] = {1,1,640} outputs[0] = {1,640} ', 'cache_key': 'LstmStateCopy[from|0]:256,1,1:1:1|1|1|1:0;:'}

       0.002 ms  /decoder/dec_rnn/lstm/LSTM&LSTM&LstmStateCopy
    category: Api
    args: {'shapes': 'inputs[0] = {1,1,640} outputs[0] = {1,640} ', 'cache_key': 'LstmStateCopy[from|0]:256,1,1:1:1|1|1|1:0;:'}

       0.004 ms  /decoder/dec_rnn/lstm/LSTM&LSTM&LstmStateCopy
    category: Api
    args: {'shapes': 'inputs[0] = {1,640} outputs[0] = {1,1,640} ', 'cache_key': 'LstmStateCopy[to|0|0]:256,1,1:1:1|1|1|1:0;:'}

       0.002 ms  /decoder/dec_rnn/lstm/LSTM&LSTM&LstmStateCopy
    category: Api
    args: {'cache_key': 'LstmStateCopy[to|0|0]:256,1,1:1:1|1|1|1:0;:', 'shapes': 'inputs[0] = {1,640} outputs[0] = {1,1,640} '}

       0.002 ms  /decoder/dec_rnn/lstm/LSTM_1&LSTM&LstmStateCopy
    category: Api
    args: {'shapes': 'inputs[0] = {1,1,640} outputs[0] = {1,640} ', 'cache_key': 'LstmStateCopy[from|0]:256,1,1:1:1|1|1|1:0;:'}

       0.002 ms  /decoder/dec_rnn/lstm/LSTM_1&LSTM&LstmStateCopy
    category: Api
    args: {'cache_key': 'LstmStateCopy[from|0]:256,1,1:1:1|1|1|1:0;:', 'shapes': 'inputs[0] = {1,1,640} outputs[0] = {1,640} '}

       0.458 ms  /decoder/dec_rnn/lstm/LSTM_1&LSTM&LstmStateCopy
    category: Api
    args: {'shapes': 'inputs[0] = {1,640} outputs[0] = {1,1,640} ', 'cache_key': 'LstmStateCopy[to|0|0]:256,1,1:1:1|1|1|1:0;:'}

       0.002 ms  /decoder/dec_rnn/lstm/LSTM_1&LSTM&LstmStateCopy
    category: Api
    args: {'cache_key': 'LstmStateCopy[to|0|0]:256,1,1:1:1|1|1|1:0;:', 'shapes': 'inputs[0] = {1,640} outputs[0] = {1,1,640} '}

       0.002 ms  /decoder/dec_rnn/lstm/LSTM&LSTM&LstmStateCopy
    category: Api
    args: {'cache_key': 'LstmStateCopy[from|0]:256,1,1:1:1|1|1|1:0;:', 'shapes': 'inputs[0] = {1,1,640} outputs[0] = {1,640} '}

       0.002 ms  /decoder/dec_rnn/lstm/LSTM&LSTM&LstmStateCopy
    category: Api
    args: {'cache_key': 'LstmStateCopy[from|0]:256,1,1:1:1|1|1|1:0;:', 'shapes': 'inputs[0] = {1,1,640} outputs[0] = {1,640} '}

       0.002 ms  /decoder/dec_rnn/lstm/LSTM&LSTM&LstmStateCopy
    category: Api
    args: {'shapes': 'inputs[0] = {1,640} outputs[0] = {1,1,640} ', 'cache_key': 'LstmStateCopy[to|0|0]:256,1,1:1:1|1|1|1:0;:'}

       0.002 ms  /decoder/dec_rnn/lstm/LSTM&LSTM&LstmStateCopy
    category: Api
    args: {'shapes': 'inputs[0] = {1,640} outputs[0] = {1,1,640} ', 'cache_key': 'LstmStateCopy[to|0|0]:256,1,1:1:1|1|1|1:0;:'}

       0.002 ms  /decoder/dec_rnn/lstm/LSTM_1&LSTM&LstmStateCopy
    category: Api
    args: {'shapes': 'inputs[0] = {1,1,640} outputs[0] = {1,640} ', 'cache_key': 'LstmStateCopy[from|0]:256,1,1:1:1|1|1|1:0;:'}

       0.002 ms  /decoder/dec_rnn/lstm/LSTM_1&LSTM&LstmStateCopy
    category: Api
    args: {'cache_key': 'LstmStateCopy[from|0]:256,1,1:1:1|1|1|1:0;:', 'shapes': 'inputs[0] = {1,1,640} outputs[0] = {1,640} '}

       0.002 ms  /decoder/dec_rnn/lstm/LSTM_1&LSTM&LstmStateCopy
    category: Api
    args: {'shapes': 'inputs[0] = {1,640} outputs[0] = {1,1,640} ', 'cache_key': 'LstmStateCopy[to|0|0]:256,1,1:1:1|1|1|1:0;:'}

       0.002 ms  /decoder/dec_rnn/lstm/LSTM_1&LSTM&LstmStateCopy
    category: Api
    args: {'cache_key': 'LstmStateCopy[to|0|0]:256,1,1:1:1|1|1|1:0;:', 'shapes': 'inputs[0] = {1,640} outputs[0] = {1,1,640} '}

       0.002 ms  /decoder/dec_rnn/lstm/LSTM&LSTM&LstmStateCopy
    category: Api
    args: {'shapes': 'inputs[0] = {1,1,640} outputs[0] = {1,640} ', 'cache_key': 'LstmStateCopy[from|0]:256,1,1:1:1|1|1|1:0;:'}

       0.002 ms  /decoder/dec_rnn/lstm/LSTM&LSTM&LstmStateCopy
    category: Api
    args: {'cache_key': 'LstmStateCopy[from|0]:256,1,1:1:1|1|1|1:0;:', 'shapes': 'inputs[0] = {1,1,640} outputs[0] = {1,640} '}

       0.002 ms  /decoder/dec_rnn/lstm/LSTM&LSTM&LstmStateCopy
    category: Api
    args: {'shapes': 'inputs[0] = {1,640} outputs[0] = {1,1,640} ', 'cache_key': 'LstmStateCopy[to|0|0]:256,1,1:1:1|1|1|1:0;:'}

       0.002 ms  /decoder/dec_rnn/lstm/LSTM&LSTM&LstmStateCopy
    category: Api
    args: {'shapes': 'inputs[0] = {1,640} outputs[0] = {1,1,640} ', 'cache_key': 'LstmStateCopy[to|0|0]:256,1,1:1:1|1|1|1:0;:'}

       0.002 ms  /decoder/dec_rnn/lstm/LSTM_1&LSTM&LstmStateCopy
    category: Api
    args: {'cache_key': 'LstmStateCopy[from|0]:256,1,1:1:1|1|1|1:0;:', 'shapes': 'inputs[0] = {1,1,640} outputs[0] = {1,640} '}

       0.002 ms  /decoder/dec_rnn/lstm/LSTM_1&LSTM&LstmStateCopy
    category: Api
    args: {'cache_key': 'LstmStateCopy[from|0]:256,1,1:1:1|1|1|1:0;:', 'shapes': 'inputs[0] = {1,1,640} outputs[0] = {1,640} '}

       0.002 ms  /decoder/dec_rnn/lstm/LSTM_1&LSTM&LstmStateCopy
    category: Api
    args: {'cache_key': 'LstmStateCopy[to|0|0]:256,1,1:1:1|1|1|1:0;:', 'shapes': 'inputs[0] = {1,640} outputs[0] = {1,1,640} '}

       0.001 ms  /decoder/dec_rnn/lstm/LSTM_1&LSTM&LstmStateCopy
    category: Api
    args: {'shapes': 'inputs[0] = {1,640} outputs[0] = {1,1,640} ', 'cache_key': 'LstmStateCopy[to|0|0]:256,1,1:1:1|1|1|1:0;:'}

       0.002 ms  /decoder/dec_rnn/lstm/LSTM&LSTM&LstmStateCopy
    category: Api
    args: {'cache_key': 'LstmStateCopy[from|0]:256,1,1:1:1|1|1|1:0;:', 'shapes': 'inputs[0] = {1,1,640} outputs[0] = {1,640} '}

       0.002 ms  /decoder/dec_rnn/lstm/LSTM&LSTM&LstmStateCopy
    category: Api
    args: {'shapes': 'inputs[0] = {1,1,640} outputs[0] = {1,640} ', 'cache_key': 'LstmStateCopy[from|0]:256,1,1:1:1|1|1|1:0;:'}

       0.002 ms  /decoder/dec_rnn/lstm/LSTM&LSTM&LstmStateCopy
    category: Api
    args: {'shapes': 'inputs[0] = {1,640} outputs[0] = {1,1,640} ', 'cache_key': 'LstmStateCopy[to|0|0]:256,1,1:1:1|1|1|1:0;:'}

       0.002 ms  /decoder/dec_rnn/lstm/LSTM&LSTM&LstmStateCopy
    category: Api
    args: {'shapes': 'inputs[0] = {1,640} outputs[0] = {1,1,640} ', 'cache_key': 'LstmStateCopy[to|0|0]:256,1,1:1:1|1|1|1:0;:'}

       0.002 ms  /decoder/dec_rnn/lstm/LSTM_1&LSTM&LstmStateCopy
    category: Api
    args: {'shapes': 'inputs[0] = {1,1,640} outputs[0] = {1,640} ', 'cache_key': 'LstmStateCopy[from|0]:256,1,1:1:1|1|1|1:0;:'}

       0.002 ms  /decoder/dec_rnn/lstm/LSTM_1&LSTM&LstmStateCopy
    category: Api
    args: {'cache_key': 'LstmStateCopy[from|0]:256,1,1:1:1|1|1|1:0;:', 'shapes': 'inputs[0] = {1,1,640} outputs[0] = {1,640} '}

       0.002 ms  /decoder/dec_rnn/lstm/LSTM_1&LSTM&LstmStateCopy
    category: Api
    args: {'cache_key': 'LstmStateCopy[to|0|0]:256,1,1:1:1|1|1|1:0;:', 'shapes': 'inputs[0] = {1,640} outputs[0] = {1,1,640} '}

       0.002 ms  /decoder/dec_rnn/lstm/LSTM_1&LSTM&LstmStateCopy
    category: Api
    args: {'shapes': 'inputs[0] = {1,640} outputs[0] = {1,1,640} ', 'cache_key': 'LstmStateCopy[to|0|0]:256,1,1:1:1|1|1|1:0;:'}

       0.002 ms  /decoder/dec_rnn/lstm/LSTM&LSTM&LstmStateCopy
    category: Api
    args: {'shapes': 'inputs[0] = {1,1,640} outputs[0] = {1,640} ', 'cache_key': 'LstmStateCopy[from|0]:256,1,1:1:1|1|1|1:0;:'}

       0.002 ms  /decoder/dec_rnn/lstm/LSTM&LSTM&LstmStateCopy
    category: Api
    args: {'cache_key': 'LstmStateCopy[from|0]:256,1,1:1:1|1|1|1:0;:', 'shapes': 'inputs[0] = {1,1,640} outputs[0] = {1,640} '}

       0.002 ms  /decoder/dec_rnn/lstm/LSTM&LSTM&LstmStateCopy
    category: Api
    args: {'shapes': 'inputs[0] = {1,640} outputs[0] = {1,1,640} ', 'cache_key': 'LstmStateCopy[to|0|0]:256,1,1:1:1|1|1|1:0;:'}

       0.001 ms  /decoder/dec_rnn/lstm/LSTM&LSTM&LstmStateCopy
    category: Api
    args: {'shapes': 'inputs[0] = {1,640} outputs[0] = {1,1,640} ', 'cache_key': 'LstmStateCopy[to|0|0]:256,1,1:1:1|1|1|1:0;:'}

       0.002 ms  /decoder/dec_rnn/lstm/LSTM_1&LSTM&LstmStateCopy
    category: Api
    args: {'cache_key': 'LstmStateCopy[from|0]:256,1,1:1:1|1|1|1:0;:', 'shapes': 'inputs[0] = {1,1,640} outputs[0] = {1,640} '}

       0.002 ms  /decoder/dec_rnn/lstm/LSTM_1&LSTM&LstmStateCopy
    category: Api
    args: {'cache_key': 'LstmStateCopy[from|0]:256,1,1:1:1|1|1|1:0;:', 'shapes': 'inputs[0] = {1,1,640} outputs[0] = {1,640} '}

       0.002 ms  /decoder/dec_rnn/lstm/LSTM_1&LSTM&LstmStateCopy
    category: Api
    args: {'shapes': 'inputs[0] = {1,640} outputs[0] = {1,1,640} ', 'cache_key': 'LstmStateCopy[to|0|0]:256,1,1:1:1|1|1|1:0;:'}

       0.002 ms  /decoder/dec_rnn/lstm/LSTM_1&LSTM&LstmStateCopy
    category: Api
    args: {'cache_key': 'LstmStateCopy[to|0|0]:256,1,1:1:1|1|1|1:0;:', 'shapes': 'inputs[0] = {1,640} outputs[0] = {1,1,640} '}

       0.002 ms  /decoder/dec_rnn/lstm/LSTM&LSTM&LstmStateCopy
    category: Api
    args: {'shapes': 'inputs[0] = {1,1,640} outputs[0] = {1,640} ', 'cache_key': 'LstmStateCopy[from|0]:256,1,1:1:1|1|1|1:0;:'}

       0.002 ms  /decoder/dec_rnn/lstm/LSTM&LSTM&LstmStateCopy
    category: Api
    args: {'shapes': 'inputs[0] = {1,1,640} outputs[0] = {1,640} ', 'cache_key': 'LstmStateCopy[from|0]:256,1,1:1:1|1|1|1:0;:'}

       0.002 ms  /decoder/dec_rnn/lstm/LSTM&LSTM&LstmStateCopy
    category: Api
    args: {'cache_key': 'LstmStateCopy[to|0|0]:256,1,1:1:1|1|1|1:0;:', 'shapes': 'inputs[0] = {1,640} outputs[0] = {1,1,640} '}

       0.002 ms  /decoder/dec_rnn/lstm/LSTM&LSTM&LstmStateCopy
    category: Api
    args: {'cache_key': 'LstmStateCopy[to|0|0]:256,1,1:1:1|1|1|1:0;:', 'shapes': 'inputs[0] = {1,640} outputs[0] = {1,1,640} '}

       0.002 ms  /decoder/dec_rnn/lstm/LSTM_1&LSTM&LstmStateCopy
    category: Api
    args: {'shapes': 'inputs[0] = {1,1,640} outputs[0] = {1,640} ', 'cache_key': 'LstmStateCopy[from|0]:256,1,1:1:1|1|1|1:0;:'}

       0.002 ms  /decoder/dec_rnn/lstm/LSTM_1&LSTM&LstmStateCopy
    category: Api
    args: {'shapes': 'inputs[0] = {1,1,640} outputs[0] = {1,640} ', 'cache_key': 'LstmStateCopy[from|0]:256,1,1:1:1|1|1|1:0;:'}

       0.002 ms  /decoder/dec_rnn/lstm/LSTM_1&LSTM&LstmStateCopy
    category: Api
    args: {'shapes': 'inputs[0] = {1,640} outputs[0] = {1,1,640} ', 'cache_key': 'LstmStateCopy[to|0|0]:256,1,1:1:1|1|1|1:0;:'}

       0.002 ms  /decoder/dec_rnn/lstm/LSTM_1&LSTM&LstmStateCopy
    category: Api
    args: {'shapes': 'inputs[0] = {1,640} outputs[0] = {1,1,640} ', 'cache_key': 'LstmStateCopy[to|0|0]:256,1,1:1:1|1|1|1:0;:'}

       0.002 ms  /decoder/dec_rnn/lstm/LSTM&LSTM&LstmStateCopy
    category: Api
    args: {'cache_key': 'LstmStateCopy[from|0]:256,1,1:1:1|1|1|1:0;:', 'shapes': 'inputs[0] = {1,1,640} outputs[0] = {1,640} '}

       0.002 ms  /decoder/dec_rnn/lstm/LSTM&LSTM&LstmStateCopy
    category: Api
    args: {'shapes': 'inputs[0] = {1,1,640} outputs[0] = {1,640} ', 'cache_key': 'LstmStateCopy[from|0]:256,1,1:1:1|1|1|1:0;:'}

       0.002 ms  /decoder/dec_rnn/lstm/LSTM&LSTM&LstmStateCopy
    category: Api
    args: {'shapes': 'inputs[0] = {1,640} outputs[0] = {1,1,640} ', 'cache_key': 'LstmStateCopy[to|0|0]:256,1,1:1:1|1|1|1:0;:'}

       0.002 ms  /decoder/dec_rnn/lstm/LSTM&LSTM&LstmStateCopy
    category: Api
    args: {'cache_key': 'LstmStateCopy[to|0|0]:256,1,1:1:1|1|1|1:0;:', 'shapes': 'inputs[0] = {1,640} outputs[0] = {1,1,640} '}

       0.002 ms  /decoder/dec_rnn/lstm/LSTM_1&LSTM&LstmStateCopy
    category: Api
    args: {'shapes': 'inputs[0] = {1,1,640} outputs[0] = {1,640} ', 'cache_key': 'LstmStateCopy[from|0]:256,1,1:1:1|1|1|1:0;:'}

       0.001 ms  /decoder/dec_rnn/lstm/LSTM_1&LSTM&LstmStateCopy
    category: Api
    args: {'shapes': 'inputs[0] = {1,1,640} outputs[0] = {1,640} ', 'cache_key': 'LstmStateCopy[from|0]:256,1,1:1:1|1|1|1:0;:'}

       0.002 ms  /decoder/dec_rnn/lstm/LSTM_1&LSTM&LstmStateCopy
    category: Api
    args: {'shapes': 'inputs[0] = {1,640} outputs[0] = {1,1,640} ', 'cache_key': 'LstmStateCopy[to|0|0]:256,1,1:1:1|1|1|1:0;:'}

       0.001 ms  /decoder/dec_rnn/lstm/LSTM_1&LSTM&LstmStateCopy
    category: Api
    args: {'cache_key': 'LstmStateCopy[to|0|0]:256,1,1:1:1|1|1|1:0;:', 'shapes': 'inputs[0] = {1,640} outputs[0] = {1,1,640} '}

       0.002 ms  /decoder/dec_rnn/lstm/LSTM&LSTM&LstmStateCopy
    category: Api
    args: {'cache_key': 'LstmStateCopy[from|0]:256,1,1:1:1|1|1|1:0;:', 'shapes': 'inputs[0] = {1,1,640} outputs[0] = {1,640} '}

       0.002 ms  /decoder/dec_rnn/lstm/LSTM&LSTM&LstmStateCopy
    category: Api
    args: {'cache_key': 'LstmStateCopy[from|0]:256,1,1:1:1|1|1|1:0;:', 'shapes': 'inputs[0] = {1,1,640} outputs[0] = {1,640} '}

       0.002 ms  /decoder/dec_rnn/lstm/LSTM&LSTM&LstmStateCopy
    category: Api
    args: {'cache_key': 'LstmStateCopy[to|0|0]:256,1,1:1:1|1|1|1:0;:', 'shapes': 'inputs[0] = {1,640} outputs[0] = {1,1,640} '}

       0.002 ms  /decoder/dec_rnn/lstm/LSTM&LSTM&LstmStateCopy
    category: Api
    args: {'cache_key': 'LstmStateCopy[to|0|0]:256,1,1:1:1|1|1|1:0;:', 'shapes': 'inputs[0] = {1,640} outputs[0] = {1,1,640} '}

       0.002 ms  /decoder/dec_rnn/lstm/LSTM_1&LSTM&LstmStateCopy
    category: Api
    args: {'shapes': 'inputs[0] = {1,1,640} outputs[0] = {1,640} ', 'cache_key': 'LstmStateCopy[from|0]:256,1,1:1:1|1|1|1:0;:'}

       0.002 ms  /decoder/dec_rnn/lstm/LSTM_1&LSTM&LstmStateCopy
    category: Api
    args: {'cache_key': 'LstmStateCopy[from|0]:256,1,1:1:1|1|1|1:0;:', 'shapes': 'inputs[0] = {1,1,640} outputs[0] = {1,640} '}

       0.002 ms  /decoder/dec_rnn/lstm/LSTM_1&LSTM&LstmStateCopy
    category: Api
    args: {'shapes': 'inputs[0] = {1,640} outputs[0] = {1,1,640} ', 'cache_key': 'LstmStateCopy[to|0|0]:256,1,1:1:1|1|1|1:0;:'}

       0.002 ms  /decoder/dec_rnn/lstm/LSTM_1&LSTM&LstmStateCopy
    category: Api
    args: {'shapes': 'inputs[0] = {1,640} outputs[0] = {1,1,640} ', 'cache_key': 'LstmStateCopy[to|0|0]:256,1,1:1:1|1|1|1:0;:'}

       0.002 ms  /decoder/dec_rnn/lstm/LSTM&LSTM&LstmStateCopy
    category: Api
    args: {'cache_key': 'LstmStateCopy[from|0]:256,1,1:1:1|1|1|1:0;:', 'shapes': 'inputs[0] = {1,1,640} outputs[0] = {1,640} '}

       0.002 ms  /decoder/dec_rnn/lstm/LSTM&LSTM&LstmStateCopy
    category: Api
    args: {'cache_key': 'LstmStateCopy[from|0]:256,1,1:1:1|1|1|1:0;:', 'shapes': 'inputs[0] = {1,1,640} outputs[0] = {1,640} '}

       0.002 ms  /decoder/dec_rnn/lstm/LSTM&LSTM&LstmStateCopy
    category: Api
    args: {'cache_key': 'LstmStateCopy[to|0|0]:256,1,1:1:1|1|1|1:0;:', 'shapes': 'inputs[0] = {1,640} outputs[0] = {1,1,640} '}

       0.001 ms  /decoder/dec_rnn/lstm/LSTM&LSTM&LstmStateCopy
    category: Api
    args: {'shapes': 'inputs[0] = {1,640} outputs[0] = {1,1,640} ', 'cache_key': 'LstmStateCopy[to|0|0]:256,1,1:1:1|1|1|1:0;:'}

       0.002 ms  /decoder/dec_rnn/lstm/LSTM_1&LSTM&LstmStateCopy
    category: Api
    args: {'shapes': 'inputs[0] = {1,1,640} outputs[0] = {1,640} ', 'cache_key': 'LstmStateCopy[from|0]:256,1,1:1:1|1|1|1:0;:'}

       0.002 ms  /decoder/dec_rnn/lstm/LSTM_1&LSTM&LstmStateCopy
    category: Api
    args: {'shapes': 'inputs[0] = {1,1,640} outputs[0] = {1,640} ', 'cache_key': 'LstmStateCopy[from|0]:256,1,1:1:1|1|1|1:0;:'}

       0.002 ms  /decoder/dec_rnn/lstm/LSTM_1&LSTM&LstmStateCopy
    category: Api
    args: {'shapes': 'inputs[0] = {1,640} outputs[0] = {1,1,640} ', 'cache_key': 'LstmStateCopy[to|0|0]:256,1,1:1:1|1|1|1:0;:'}

       0.002 ms  /decoder/dec_rnn/lstm/LSTM_1&LSTM&LstmStateCopy
    category: Api
    args: {'shapes': 'inputs[0] = {1,640} outputs[0] = {1,1,640} ', 'cache_key': 'LstmStateCopy[to|0|0]:256,1,1:1:1|1|1|1:0;:'}

       0.002 ms  /decoder/dec_rnn/lstm/LSTM&LSTM&LstmStateCopy
    category: Api
    args: {'cache_key': 'LstmStateCopy[from|0]:256,1,1:1:1|1|1|1:0;:', 'shapes': 'inputs[0] = {1,1,640} outputs[0] = {1,640} '}

       0.002 ms  /decoder/dec_rnn/lstm/LSTM&LSTM&LstmStateCopy
    category: Api
    args: {'shapes': 'inputs[0] = {1,1,640} outputs[0] = {1,640} ', 'cache_key': 'LstmStateCopy[from|0]:256,1,1:1:1|1|1|1:0;:'}

       0.002 ms  /decoder/dec_rnn/lstm/LSTM&LSTM&LstmStateCopy
    category: Api
    args: {'cache_key': 'LstmStateCopy[to|0|0]:256,1,1:1:1|1|1|1:0;:', 'shapes': 'inputs[0] = {1,640} outputs[0] = {1,1,640} '}

       0.002 ms  /decoder/dec_rnn/lstm/LSTM&LSTM&LstmStateCopy
    category: Api
    args: {'shapes': 'inputs[0] = {1,640} outputs[0] = {1,1,640} ', 'cache_key': 'LstmStateCopy[to|0|0]:256,1,1:1:1|1|1|1:0;:'}

       0.002 ms  /decoder/dec_rnn/lstm/LSTM_1&LSTM&LstmStateCopy
    category: Api
    args: {'shapes': 'inputs[0] = {1,1,640} outputs[0] = {1,640} ', 'cache_key': 'LstmStateCopy[from|0]:256,1,1:1:1|1|1|1:0;:'}

       0.002 ms  /decoder/dec_rnn/lstm/LSTM_1&LSTM&LstmStateCopy
    category: Api
    args: {'cache_key': 'LstmStateCopy[from|0]:256,1,1:1:1|1|1|1:0;:', 'shapes': 'inputs[0] = {1,1,640} outputs[0] = {1,640} '}

       0.002 ms  /decoder/dec_rnn/lstm/LSTM_1&LSTM&LstmStateCopy
    category: Api
    args: {'cache_key': 'LstmStateCopy[to|0|0]:256,1,1:1:1|1|1|1:0;:', 'shapes': 'inputs[0] = {1,640} outputs[0] = {1,1,640} '}

       0.002 ms  /decoder/dec_rnn/lstm/LSTM_1&LSTM&LstmStateCopy
    category: Api
    args: {'shapes': 'inputs[0] = {1,640} outputs[0] = {1,1,640} ', 'cache_key': 'LstmStateCopy[to|0|0]:256,1,1:1:1|1|1|1:0;:'}

       0.002 ms  /decoder/dec_rnn/lstm/LSTM&LSTM&LstmStateCopy
    category: Api
    args: {'cache_key': 'LstmStateCopy[from|0]:256,1,1:1:1|1|1|1:0;:', 'shapes': 'inputs[0] = {1,1,640} outputs[0] = {1,640} '}

       0.002 ms  /decoder/dec_rnn/lstm/LSTM&LSTM&LstmStateCopy
    category: Api
    args: {'shapes': 'inputs[0] = {1,1,640} outputs[0] = {1,640} ', 'cache_key': 'LstmStateCopy[from|0]:256,1,1:1:1|1|1|1:0;:'}

       0.004 ms  /decoder/dec_rnn/lstm/LSTM&LSTM&LstmStateCopy
    category: Api
    args: {'shapes': 'inputs[0] = {1,640} outputs[0] = {1,1,640} ', 'cache_key': 'LstmStateCopy[to|0|0]:256,1,1:1:1|1|1|1:0;:'}

       0.002 ms  /decoder/dec_rnn/lstm/LSTM&LSTM&LstmStateCopy
    category: Api
    args: {'cache_key': 'LstmStateCopy[to|0|0]:256,1,1:1:1|1|1|1:0;:', 'shapes': 'inputs[0] = {1,640} outputs[0] = {1,1,640} '}

       0.002 ms  /decoder/dec_rnn/lstm/LSTM_1&LSTM&LstmStateCopy
    category: Api
    args: {'shapes': 'inputs[0] = {1,1,640} outputs[0] = {1,640} ', 'cache_key': 'LstmStateCopy[from|0]:256,1,1:1:1|1|1|1:0;:'}

       0.001 ms  /decoder/dec_rnn/lstm/LSTM_1&LSTM&LstmStateCopy
    category: Api
    args: {'shapes': 'inputs[0] = {1,1,640} outputs[0] = {1,640} ', 'cache_key': 'LstmStateCopy[from|0]:256,1,1:1:1|1|1|1:0;:'}

       0.457 ms  /decoder/dec_rnn/lstm/LSTM_1&LSTM&LstmStateCopy
    category: Api
    args: {'shapes': 'inputs[0] = {1,640} outputs[0] = {1,1,640} ', 'cache_key': 'LstmStateCopy[to|0|0]:256,1,1:1:1|1|1|1:0;:'}

       0.002 ms  /decoder/dec_rnn/lstm/LSTM_1&LSTM&LstmStateCopy
    category: Api
    args: {'cache_key': 'LstmStateCopy[to|0|0]:256,1,1:1:1|1|1|1:0;:', 'shapes': 'inputs[0] = {1,640} outputs[0] = {1,1,640} '}

       0.002 ms  /decoder/dec_rnn/lstm/LSTM&LSTM&LstmStateCopy
    category: Api
    args: {'shapes': 'inputs[0] = {1,1,640} outputs[0] = {1,640} ', 'cache_key': 'LstmStateCopy[from|0]:256,1,1:1:1|1|1|1:0;:'}

       0.002 ms  /decoder/dec_rnn/lstm/LSTM&LSTM&LstmStateCopy
    category: Api
    args: {'shapes': 'inputs[0] = {1,1,640} outputs[0] = {1,640} ', 'cache_key': 'LstmStateCopy[from|0]:256,1,1:1:1|1|1|1:0;:'}

       0.002 ms  /decoder/dec_rnn/lstm/LSTM&LSTM&LstmStateCopy
    category: Api
    args: {'cache_key': 'LstmStateCopy[to|0|0]:256,1,1:1:1|1|1|1:0;:', 'shapes': 'inputs[0] = {1,640} outputs[0] = {1,1,640} '}

       0.002 ms  /decoder/dec_rnn/lstm/LSTM&LSTM&LstmStateCopy
    category: Api
    args: {'shapes': 'inputs[0] = {1,640} outputs[0] = {1,1,640} ', 'cache_key': 'LstmStateCopy[to|0|0]:256,1,1:1:1|1|1|1:0;:'}

       0.002 ms  /decoder/dec_rnn/lstm/LSTM_1&LSTM&LstmStateCopy
    category: Api
    args: {'shapes': 'inputs[0] = {1,1,640} outputs[0] = {1,640} ', 'cache_key': 'LstmStateCopy[from|0]:256,1,1:1:1|1|1|1:0;:'}

       0.002 ms  /decoder/dec_rnn/lstm/LSTM_1&LSTM&LstmStateCopy
    category: Api
    args: {'shapes': 'inputs[0] = {1,1,640} outputs[0] = {1,640} ', 'cache_key': 'LstmStateCopy[from|0]:256,1,1:1:1|1|1|1:0;:'}

       0.002 ms  /decoder/dec_rnn/lstm/LSTM_1&LSTM&LstmStateCopy
    category: Api
    args: {'shapes': 'inputs[0] = {1,640} outputs[0] = {1,1,640} ', 'cache_key': 'LstmStateCopy[to|0|0]:256,1,1:1:1|1|1|1:0;:'}

       0.002 ms  /decoder/dec_rnn/lstm/LSTM_1&LSTM&LstmStateCopy
    category: Api
    args: {'shapes': 'inputs[0] = {1,640} outputs[0] = {1,1,640} ', 'cache_key': 'LstmStateCopy[to|0|0]:256,1,1:1:1|1|1|1:0;:'}

       0.002 ms  /decoder/dec_rnn/lstm/LSTM&LSTM&LstmStateCopy
    category: Api
    args: {'shapes': 'inputs[0] = {1,1,640} outputs[0] = {1,640} ', 'cache_key': 'LstmStateCopy[from|0]:256,1,1:1:1|1|1|1:0;:'}

       0.001 ms  /decoder/dec_rnn/lstm/LSTM&LSTM&LstmStateCopy
    category: Api
    args: {'shapes': 'inputs[0] = {1,1,640} outputs[0] = {1,640} ', 'cache_key': 'LstmStateCopy[from|0]:256,1,1:1:1|1|1|1:0;:'}

       0.004 ms  /decoder/dec_rnn/lstm/LSTM&LSTM&LstmStateCopy
    category: Api
    args: {'cache_key': 'LstmStateCopy[to|0|0]:256,1,1:1:1|1|1|1:0;:', 'shapes': 'inputs[0] = {1,640} outputs[0] = {1,1,640} '}

       0.001 ms  /decoder/dec_rnn/lstm/LSTM&LSTM&LstmStateCopy
    category: Api
    args: {'shapes': 'inputs[0] = {1,640} outputs[0] = {1,1,640} ', 'cache_key': 'LstmStateCopy[to|0|0]:256,1,1:1:1|1|1|1:0;:'}

       0.002 ms  /decoder/dec_rnn/lstm/LSTM_1&LSTM&LstmStateCopy
    category: Api
    args: {'shapes': 'inputs[0] = {1,1,640} outputs[0] = {1,640} ', 'cache_key': 'LstmStateCopy[from|0]:256,1,1:1:1|1|1|1:0;:'}

       0.002 ms  /decoder/dec_rnn/lstm/LSTM_1&LSTM&LstmStateCopy
    category: Api
    args: {'shapes': 'inputs[0] = {1,1,640} outputs[0] = {1,640} ', 'cache_key': 'LstmStateCopy[from|0]:256,1,1:1:1|1|1|1:0;:'}

       0.391 ms  /decoder/dec_rnn/lstm/LSTM_1&LSTM&LstmStateCopy
    category: Api
    args: {'cache_key': 'LstmStateCopy[to|0|0]:256,1,1:1:1|1|1|1:0;:', 'shapes': 'inputs[0] = {1,640} outputs[0] = {1,1,640} '}

       0.001 ms  /decoder/dec_rnn/lstm/LSTM_1&LSTM&LstmStateCopy
    category: Api
    args: {'shapes': 'inputs[0] = {1,640} outputs[0] = {1,1,640} ', 'cache_key': 'LstmStateCopy[to|0|0]:256,1,1:1:1|1|1|1:0;:'}

       0.001 ms  /decoder/dec_rnn/lstm/LSTM&LSTM&LstmStateCopy
    category: Api
    args: {'shapes': 'inputs[0] = {1,1,640} outputs[0] = {1,640} ', 'cache_key': 'LstmStateCopy[from|0]:256,1,1:1:1|1|1|1:0;:'}

       0.001 ms  /decoder/dec_rnn/lstm/LSTM&LSTM&LstmStateCopy
    category: Api
    args: {'shapes': 'inputs[0] = {1,1,640} outputs[0] = {1,640} ', 'cache_key': 'LstmStateCopy[from|0]:256,1,1:1:1|1|1|1:0;:'}

       0.001 ms  /decoder/dec_rnn/lstm/LSTM&LSTM&LstmStateCopy
    category: Api
    args: {'shapes': 'inputs[0] = {1,640} outputs[0] = {1,1,640} ', 'cache_key': 'LstmStateCopy[to|0|0]:256,1,1:1:1|1|1|1:0;:'}

       0.001 ms  /decoder/dec_rnn/lstm/LSTM&LSTM&LstmStateCopy
    category: Api
    args: {'cache_key': 'LstmStateCopy[to|0|0]:256,1,1:1:1|1|1|1:0;:', 'shapes': 'inputs[0] = {1,640} outputs[0] = {1,1,640} '}

       0.001 ms  /decoder/dec_rnn/lstm/LSTM_1&LSTM&LstmStateCopy
    category: Api
    args: {'shapes': 'inputs[0] = {1,1,640} outputs[0] = {1,640} ', 'cache_key': 'LstmStateCopy[from|0]:256,1,1:1:1|1|1|1:0;:'}

       0.001 ms  /decoder/dec_rnn/lstm/LSTM_1&LSTM&LstmStateCopy
    category: Api
    args: {'cache_key': 'LstmStateCopy[from|0]:256,1,1:1:1|1|1|1:0;:', 'shapes': 'inputs[0] = {1,1,640} outputs[0] = {1,640} '}

       0.001 ms  /decoder/dec_rnn/lstm/LSTM_1&LSTM&LstmStateCopy
    category: Api
    args: {'shapes': 'inputs[0] = {1,640} outputs[0] = {1,1,640} ', 'cache_key': 'LstmStateCopy[to|0|0]:256,1,1:1:1|1|1|1:0;:'}

       0.001 ms  /decoder/dec_rnn/lstm/LSTM_1&LSTM&LstmStateCopy
    category: Api
    args: {'shapes': 'inputs[0] = {1,640} outputs[0] = {1,1,640} ', 'cache_key': 'LstmStateCopy[to|0|0]:256,1,1:1:1|1|1|1:0;:'}

       0.001 ms  /decoder/dec_rnn/lstm/LSTM&LSTM&LstmStateCopy
    category: Api
    args: {'cache_key': 'LstmStateCopy[from|0]:256,1,1:1:1|1|1|1:0;:', 'shapes': 'inputs[0] = {1,1,640} outputs[0] = {1,640} '}

       0.001 ms  /decoder/dec_rnn/lstm/LSTM&LSTM&LstmStateCopy
    category: Api
    args: {'cache_key': 'LstmStateCopy[from|0]:256,1,1:1:1|1|1|1:0;:', 'shapes': 'inputs[0] = {1,1,640} outputs[0] = {1,640} '}

       0.001 ms  /decoder/dec_rnn/lstm/LSTM&LSTM&LstmStateCopy
    category: Api
    args: {'cache_key': 'LstmStateCopy[to|0|0]:256,1,1:1:1|1|1|1:0;:', 'shapes': 'inputs[0] = {1,640} outputs[0] = {1,1,640} '}

       0.001 ms  /decoder/dec_rnn/lstm/LSTM&LSTM&LstmStateCopy
    category: Api
    args: {'shapes': 'inputs[0] = {1,640} outputs[0] = {1,1,640} ', 'cache_key': 'LstmStateCopy[to|0|0]:256,1,1:1:1|1|1|1:0;:'}

       0.001 ms  /decoder/dec_rnn/lstm/LSTM_1&LSTM&LstmStateCopy
    category: Api
    args: {'shapes': 'inputs[0] = {1,1,640} outputs[0] = {1,640} ', 'cache_key': 'LstmStateCopy[from|0]:256,1,1:1:1|1|1|1:0;:'}

       0.001 ms  /decoder/dec_rnn/lstm/LSTM_1&LSTM&LstmStateCopy
    category: Api
    args: {'shapes': 'inputs[0] = {1,1,640} outputs[0] = {1,640} ', 'cache_key': 'LstmStateCopy[from|0]:256,1,1:1:1|1|1|1:0;:'}

       0.001 ms  /decoder/dec_rnn/lstm/LSTM_1&LSTM&LstmStateCopy
    category: Api
    args: {'cache_key': 'LstmStateCopy[to|0|0]:256,1,1:1:1|1|1|1:0;:', 'shapes': 'inputs[0] = {1,640} outputs[0] = {1,1,640} '}

       0.001 ms  /decoder/dec_rnn/lstm/LSTM_1&LSTM&LstmStateCopy
    category: Api
    args: {'cache_key': 'LstmStateCopy[to|0|0]:256,1,1:1:1|1|1|1:0;:', 'shapes': 'inputs[0] = {1,640} outputs[0] = {1,1,640} '}

       0.001 ms  /decoder/dec_rnn/lstm/LSTM&LSTM&LstmStateCopy
    category: Api
    args: {'shapes': 'inputs[0] = {1,1,640} outputs[0] = {1,640} ', 'cache_key': 'LstmStateCopy[from|0]:256,1,1:1:1|1|1|1:0;:'}

       0.001 ms  /decoder/dec_rnn/lstm/LSTM&LSTM&LstmStateCopy
    category: Api
    args: {'shapes': 'inputs[0] = {1,1,640} outputs[0] = {1,640} ', 'cache_key': 'LstmStateCopy[from|0]:256,1,1:1:1|1|1|1:0;:'}

       0.001 ms  /decoder/dec_rnn/lstm/LSTM&LSTM&LstmStateCopy
    category: Api
    args: {'cache_key': 'LstmStateCopy[to|0|0]:256,1,1:1:1|1|1|1:0;:', 'shapes': 'inputs[0] = {1,640} outputs[0] = {1,1,640} '}

       0.001 ms  /decoder/dec_rnn/lstm/LSTM&LSTM&LstmStateCopy
    category: Api
    args: {'cache_key': 'LstmStateCopy[to|0|0]:256,1,1:1:1|1|1|1:0;:', 'shapes': 'inputs[0] = {1,640} outputs[0] = {1,1,640} '}

       0.001 ms  /decoder/dec_rnn/lstm/LSTM_1&LSTM&LstmStateCopy
    category: Api
    args: {'shapes': 'inputs[0] = {1,1,640} outputs[0] = {1,640} ', 'cache_key': 'LstmStateCopy[from|0]:256,1,1:1:1|1|1|1:0;:'}

       0.001 ms  /decoder/dec_rnn/lstm/LSTM_1&LSTM&LstmStateCopy
    category: Api
    args: {'shapes': 'inputs[0] = {1,1,640} outputs[0] = {1,640} ', 'cache_key': 'LstmStateCopy[from|0]:256,1,1:1:1|1|1|1:0;:'}

       0.001 ms  /decoder/dec_rnn/lstm/LSTM_1&LSTM&LstmStateCopy
    category: Api
    args: {'shapes': 'inputs[0] = {1,640} outputs[0] = {1,1,640} ', 'cache_key': 'LstmStateCopy[to|0|0]:256,1,1:1:1|1|1|1:0;:'}

       0.001 ms  /decoder/dec_rnn/lstm/LSTM_1&LSTM&LstmStateCopy
    category: Api
    args: {'shapes': 'inputs[0] = {1,640} outputs[0] = {1,1,640} ', 'cache_key': 'LstmStateCopy[to|0|0]:256,1,1:1:1|1|1|1:0;:'}

       0.001 ms  /decoder/dec_rnn/lstm/LSTM&LSTM&LstmStateCopy
    category: Api
    args: {'shapes': 'inputs[0] = {1,1,640} outputs[0] = {1,640} ', 'cache_key': 'LstmStateCopy[from|0]:256,1,1:1:1|1|1|1:0;:'}

       0.001 ms  /decoder/dec_rnn/lstm/LSTM&LSTM&LstmStateCopy
    category: Api
    args: {'cache_key': 'LstmStateCopy[from|0]:256,1,1:1:1|1|1|1:0;:', 'shapes': 'inputs[0] = {1,1,640} outputs[0] = {1,640} '}

       0.001 ms  /decoder/dec_rnn/lstm/LSTM&LSTM&LstmStateCopy
    category: Api
    args: {'shapes': 'inputs[0] = {1,640} outputs[0] = {1,1,640} ', 'cache_key': 'LstmStateCopy[to|0|0]:256,1,1:1:1|1|1|1:0;:'}

       0.001 ms  /decoder/dec_rnn/lstm/LSTM&LSTM&LstmStateCopy
    category: Api
    args: {'cache_key': 'LstmStateCopy[to|0|0]:256,1,1:1:1|1|1|1:0;:', 'shapes': 'inputs[0] = {1,640} outputs[0] = {1,1,640} '}

       0.001 ms  /decoder/dec_rnn/lstm/LSTM_1&LSTM&LstmStateCopy
    category: Api
    args: {'shapes': 'inputs[0] = {1,1,640} outputs[0] = {1,640} ', 'cache_key': 'LstmStateCopy[from|0]:256,1,1:1:1|1|1|1:0;:'}

       0.001 ms  /decoder/dec_rnn/lstm/LSTM_1&LSTM&LstmStateCopy
    category: Api
    args: {'shapes': 'inputs[0] = {1,1,640} outputs[0] = {1,640} ', 'cache_key': 'LstmStateCopy[from|0]:256,1,1:1:1|1|1|1:0;:'}

       0.001 ms  /decoder/dec_rnn/lstm/LSTM_1&LSTM&LstmStateCopy
    category: Api
    args: {'shapes': 'inputs[0] = {1,640} outputs[0] = {1,1,640} ', 'cache_key': 'LstmStateCopy[to|0|0]:256,1,1:1:1|1|1|1:0;:'}

       0.001 ms  /decoder/dec_rnn/lstm/LSTM_1&LSTM&LstmStateCopy
    category: Api
    args: {'cache_key': 'LstmStateCopy[to|0|0]:256,1,1:1:1|1|1|1:0;:', 'shapes': 'inputs[0] = {1,640} outputs[0] = {1,1,640} '}

       0.001 ms  /decoder/dec_rnn/lstm/LSTM&LSTM&LstmStateCopy
    category: Api
    args: {'cache_key': 'LstmStateCopy[from|0]:256,1,1:1:1|1|1|1:0;:', 'shapes': 'inputs[0] = {1,1,640} outputs[0] = {1,640} '}

       0.001 ms  /decoder/dec_rnn/lstm/LSTM&LSTM&LstmStateCopy
    category: Api
    args: {'cache_key': 'LstmStateCopy[from|0]:256,1,1:1:1|1|1|1:0;:', 'shapes': 'inputs[0] = {1,1,640} outputs[0] = {1,640} '}

       0.002 ms  /decoder/dec_rnn/lstm/LSTM&LSTM&LstmStateCopy
    category: Api
    args: {'shapes': 'inputs[0] = {1,640} outputs[0] = {1,1,640} ', 'cache_key': 'LstmStateCopy[to|0|0]:256,1,1:1:1|1|1|1:0;:'}

       0.001 ms  /decoder/dec_rnn/lstm/LSTM&LSTM&LstmStateCopy
    category: Api
    args: {'cache_key': 'LstmStateCopy[to|0|0]:256,1,1:1:1|1|1|1:0;:', 'shapes': 'inputs[0] = {1,640} outputs[0] = {1,1,640} '}

       0.001 ms  /decoder/dec_rnn/lstm/LSTM_1&LSTM&LstmStateCopy
    category: Api
    args: {'cache_key': 'LstmStateCopy[from|0]:256,1,1:1:1|1|1|1:0;:', 'shapes': 'inputs[0] = {1,1,640} outputs[0] = {1,640} '}

       0.001 ms  /decoder/dec_rnn/lstm/LSTM_1&LSTM&LstmStateCopy
    category: Api
    args: {'cache_key': 'LstmStateCopy[from|0]:256,1,1:1:1|1|1|1:0;:', 'shapes': 'inputs[0] = {1,1,640} outputs[0] = {1,640} '}

       0.285 ms  /decoder/dec_rnn/lstm/LSTM_1&LSTM&LstmStateCopy
    category: Api
    args: {'cache_key': 'LstmStateCopy[to|0|0]:256,1,1:1:1|1|1|1:0;:', 'shapes': 'inputs[0] = {1,640} outputs[0] = {1,1,640} '}

       0.001 ms  /decoder/dec_rnn/lstm/LSTM_1&LSTM&LstmStateCopy
    category: Api
    args: {'cache_key': 'LstmStateCopy[to|0|0]:256,1,1:1:1|1|1|1:0;:', 'shapes': 'inputs[0] = {1,640} outputs[0] = {1,1,640} '}

       0.001 ms  /decoder/dec_rnn/lstm/LSTM&LSTM&LstmStateCopy
    category: Api
    args: {'cache_key': 'LstmStateCopy[from|0]:256,1,1:1:1|1|1|1:0;:', 'shapes': 'inputs[0] = {1,1,640} outputs[0] = {1,640} '}

       0.001 ms  /decoder/dec_rnn/lstm/LSTM&LSTM&LstmStateCopy
    category: Api
    args: {'shapes': 'inputs[0] = {1,1,640} outputs[0] = {1,640} ', 'cache_key': 'LstmStateCopy[from|0]:256,1,1:1:1|1|1|1:0;:'}

       0.001 ms  /decoder/dec_rnn/lstm/LSTM&LSTM&LstmStateCopy
    category: Api
    args: {'cache_key': 'LstmStateCopy[to|0|0]:256,1,1:1:1|1|1|1:0;:', 'shapes': 'inputs[0] = {1,640} outputs[0] = {1,1,640} '}

       0.001 ms  /decoder/dec_rnn/lstm/LSTM&LSTM&LstmStateCopy
    category: Api
    args: {'shapes': 'inputs[0] = {1,640} outputs[0] = {1,1,640} ', 'cache_key': 'LstmStateCopy[to|0|0]:256,1,1:1:1|1|1|1:0;:'}

       0.001 ms  /decoder/dec_rnn/lstm/LSTM_1&LSTM&LstmStateCopy
    category: Api
    args: {'shapes': 'inputs[0] = {1,1,640} outputs[0] = {1,640} ', 'cache_key': 'LstmStateCopy[from|0]:256,1,1:1:1|1|1|1:0;:'}

       0.001 ms  /decoder/dec_rnn/lstm/LSTM_1&LSTM&LstmStateCopy
    category: Api
    args: {'shapes': 'inputs[0] = {1,1,640} outputs[0] = {1,640} ', 'cache_key': 'LstmStateCopy[from|0]:256,1,1:1:1|1|1|1:0;:'}

       0.001 ms  /decoder/dec_rnn/lstm/LSTM_1&LSTM&LstmStateCopy
    category: Api
    args: {'shapes': 'inputs[0] = {1,640} outputs[0] = {1,1,640} ', 'cache_key': 'LstmStateCopy[to|0|0]:256,1,1:1:1|1|1|1:0;:'}

       0.001 ms  /decoder/dec_rnn/lstm/LSTM_1&LSTM&LstmStateCopy
    category: Api
    args: {'shapes': 'inputs[0] = {1,640} outputs[0] = {1,1,640} ', 'cache_key': 'LstmStateCopy[to|0|0]:256,1,1:1:1|1|1|1:0;:'}

       0.001 ms  /decoder/dec_rnn/lstm/LSTM&LSTM&LstmStateCopy
    category: Api
    args: {'cache_key': 'LstmStateCopy[from|0]:256,1,1:1:1|1|1|1:0;:', 'shapes': 'inputs[0] = {1,1,640} outputs[0] = {1,640} '}

       0.001 ms  /decoder/dec_rnn/lstm/LSTM&LSTM&LstmStateCopy
    category: Api
    args: {'cache_key': 'LstmStateCopy[from|0]:256,1,1:1:1|1|1|1:0;:', 'shapes': 'inputs[0] = {1,1,640} outputs[0] = {1,640} '}

       0.001 ms  /decoder/dec_rnn/lstm/LSTM&LSTM&LstmStateCopy
    category: Api
    args: {'cache_key': 'LstmStateCopy[to|0|0]:256,1,1:1:1|1|1|1:0;:', 'shapes': 'inputs[0] = {1,640} outputs[0] = {1,1,640} '}

       0.001 ms  /decoder/dec_rnn/lstm/LSTM&LSTM&LstmStateCopy
    category: Api
    args: {'cache_key': 'LstmStateCopy[to|0|0]:256,1,1:1:1|1|1|1:0;:', 'shapes': 'inputs[0] = {1,640} outputs[0] = {1,1,640} '}

       0.001 ms  /decoder/dec_rnn/lstm/LSTM_1&LSTM&LstmStateCopy
    category: Api
    args: {'cache_key': 'LstmStateCopy[from|0]:256,1,1:1:1|1|1|1:0;:', 'shapes': 'inputs[0] = {1,1,640} outputs[0] = {1,640} '}

       0.001 ms  /decoder/dec_rnn/lstm/LSTM_1&LSTM&LstmStateCopy
    category: Api
    args: {'cache_key': 'LstmStateCopy[from|0]:256,1,1:1:1|1|1|1:0;:', 'shapes': 'inputs[0] = {1,1,640} outputs[0] = {1,640} '}

       0.001 ms  /decoder/dec_rnn/lstm/LSTM_1&LSTM&LstmStateCopy
    category: Api
    args: {'shapes': 'inputs[0] = {1,640} outputs[0] = {1,1,640} ', 'cache_key': 'LstmStateCopy[to|0|0]:256,1,1:1:1|1|1|1:0;:'}

       0.001 ms  /decoder/dec_rnn/lstm/LSTM_1&LSTM&LstmStateCopy
    category: Api
    args: {'shapes': 'inputs[0] = {1,640} outputs[0] = {1,1,640} ', 'cache_key': 'LstmStateCopy[to|0|0]:256,1,1:1:1|1|1|1:0;:'}

       0.001 ms  /decoder/dec_rnn/lstm/LSTM&LSTM&LstmStateCopy
    category: Api
    args: {'cache_key': 'LstmStateCopy[from|0]:256,1,1:1:1|1|1|1:0;:', 'shapes': 'inputs[0] = {1,1,640} outputs[0] = {1,640} '}

       0.001 ms  /decoder/dec_rnn/lstm/LSTM&LSTM&LstmStateCopy
    category: Api
    args: {'cache_key': 'LstmStateCopy[from|0]:256,1,1:1:1|1|1|1:0;:', 'shapes': 'inputs[0] = {1,1,640} outputs[0] = {1,640} '}

       0.001 ms  /decoder/dec_rnn/lstm/LSTM&LSTM&LstmStateCopy
    category: Api
    args: {'shapes': 'inputs[0] = {1,640} outputs[0] = {1,1,640} ', 'cache_key': 'LstmStateCopy[to|0|0]:256,1,1:1:1|1|1|1:0;:'}

       0.001 ms  /decoder/dec_rnn/lstm/LSTM&LSTM&LstmStateCopy
    category: Api
    args: {'cache_key': 'LstmStateCopy[to|0|0]:256,1,1:1:1|1|1|1:0;:', 'shapes': 'inputs[0] = {1,640} outputs[0] = {1,1,640} '}

       0.001 ms  /decoder/dec_rnn/lstm/LSTM_1&LSTM&LstmStateCopy
    category: Api
    args: {'cache_key': 'LstmStateCopy[from|0]:256,1,1:1:1|1|1|1:0;:', 'shapes': 'inputs[0] = {1,1,640} outputs[0] = {1,640} '}

       0.001 ms  /decoder/dec_rnn/lstm/LSTM_1&LSTM&LstmStateCopy
    category: Api
    args: {'shapes': 'inputs[0] = {1,1,640} outputs[0] = {1,640} ', 'cache_key': 'LstmStateCopy[from|0]:256,1,1:1:1|1|1|1:0;:'}

       0.002 ms  /decoder/dec_rnn/lstm/LSTM_1&LSTM&LstmStateCopy
    category: Api
    args: {'shapes': 'inputs[0] = {1,640} outputs[0] = {1,1,640} ', 'cache_key': 'LstmStateCopy[to|0|0]:256,1,1:1:1|1|1|1:0;:'}

       0.001 ms  /decoder/dec_rnn/lstm/LSTM_1&LSTM&LstmStateCopy
    category: Api
    args: {'shapes': 'inputs[0] = {1,640} outputs[0] = {1,1,640} ', 'cache_key': 'LstmStateCopy[to|0|0]:256,1,1:1:1|1|1|1:0;:'}

       0.001 ms  /decoder/dec_rnn/lstm/LSTM&LSTM&LstmStateCopy
    category: Api
    args: {'cache_key': 'LstmStateCopy[from|0]:256,1,1:1:1|1|1|1:0;:', 'shapes': 'inputs[0] = {1,1,640} outputs[0] = {1,640} '}

       0.001 ms  /decoder/dec_rnn/lstm/LSTM&LSTM&LstmStateCopy
    category: Api
    args: {'shapes': 'inputs[0] = {1,1,640} outputs[0] = {1,640} ', 'cache_key': 'LstmStateCopy[from|0]:256,1,1:1:1|1|1|1:0;:'}

       0.001 ms  /decoder/dec_rnn/lstm/LSTM&LSTM&LstmStateCopy
    category: Api
    args: {'cache_key': 'LstmStateCopy[to|0|0]:256,1,1:1:1|1|1|1:0;:', 'shapes': 'inputs[0] = {1,640} outputs[0] = {1,1,640} '}

       0.001 ms  /decoder/dec_rnn/lstm/LSTM&LSTM&LstmStateCopy
    category: Api
    args: {'shapes': 'inputs[0] = {1,640} outputs[0] = {1,1,640} ', 'cache_key': 'LstmStateCopy[to|0|0]:256,1,1:1:1|1|1|1:0;:'}

       0.001 ms  /decoder/dec_rnn/lstm/LSTM_1&LSTM&LstmStateCopy
    category: Api
    args: {'shapes': 'inputs[0] = {1,1,640} outputs[0] = {1,640} ', 'cache_key': 'LstmStateCopy[from|0]:256,1,1:1:1|1|1|1:0;:'}

       0.001 ms  /decoder/dec_rnn/lstm/LSTM_1&LSTM&LstmStateCopy
    category: Api
    args: {'shapes': 'inputs[0] = {1,1,640} outputs[0] = {1,640} ', 'cache_key': 'LstmStateCopy[from|0]:256,1,1:1:1|1|1|1:0;:'}

       0.001 ms  /decoder/dec_rnn/lstm/LSTM_1&LSTM&LstmStateCopy
    category: Api
    args: {'cache_key': 'LstmStateCopy[to|0|0]:256,1,1:1:1|1|1|1:0;:', 'shapes': 'inputs[0] = {1,640} outputs[0] = {1,1,640} '}

       0.001 ms  /decoder/dec_rnn/lstm/LSTM_1&LSTM&LstmStateCopy
    category: Api
    args: {'shapes': 'inputs[0] = {1,640} outputs[0] = {1,1,640} ', 'cache_key': 'LstmStateCopy[to|0|0]:256,1,1:1:1|1|1|1:0;:'}

       0.001 ms  /decoder/dec_rnn/lstm/LSTM&LSTM&LstmStateCopy
    category: Api
    args: {'cache_key': 'LstmStateCopy[from|0]:256,1,1:1:1|1|1|1:0;:', 'shapes': 'inputs[0] = {1,1,640} outputs[0] = {1,640} '}

       0.001 ms  /decoder/dec_rnn/lstm/LSTM&LSTM&LstmStateCopy
    category: Api
    args: {'cache_key': 'LstmStateCopy[from|0]:256,1,1:1:1|1|1|1:0;:', 'shapes': 'inputs[0] = {1,1,640} outputs[0] = {1,640} '}

       0.001 ms  /decoder/dec_rnn/lstm/LSTM&LSTM&LstmStateCopy
    category: Api
    args: {'cache_key': 'LstmStateCopy[to|0|0]:256,1,1:1:1|1|1|1:0;:', 'shapes': 'inputs[0] = {1,640} outputs[0] = {1,1,640} '}

       0.001 ms  /decoder/dec_rnn/lstm/LSTM&LSTM&LstmStateCopy
    category: Api
    args: {'cache_key': 'LstmStateCopy[to|0|0]:256,1,1:1:1|1|1|1:0;:', 'shapes': 'inputs[0] = {1,640} outputs[0] = {1,1,640} '}

       0.001 ms  /decoder/dec_rnn/lstm/LSTM_1&LSTM&LstmStateCopy
    category: Api
    args: {'cache_key': 'LstmStateCopy[from|0]:256,1,1:1:1|1|1|1:0;:', 'shapes': 'inputs[0] = {1,1,640} outputs[0] = {1,640} '}

       0.001 ms  /decoder/dec_rnn/lstm/LSTM_1&LSTM&LstmStateCopy
    category: Api
    args: {'cache_key': 'LstmStateCopy[from|0]:256,1,1:1:1|1|1|1:0;:', 'shapes': 'inputs[0] = {1,1,640} outputs[0] = {1,640} '}

       0.001 ms  /decoder/dec_rnn/lstm/LSTM_1&LSTM&LstmStateCopy
    category: Api
    args: {'cache_key': 'LstmStateCopy[to|0|0]:256,1,1:1:1|1|1|1:0;:', 'shapes': 'inputs[0] = {1,640} outputs[0] = {1,1,640} '}

       0.001 ms  /decoder/dec_rnn/lstm/LSTM_1&LSTM&LstmStateCopy
    category: Api
    args: {'cache_key': 'LstmStateCopy[to|0|0]:256,1,1:1:1|1|1|1:0;:', 'shapes': 'inputs[0] = {1,640} outputs[0] = {1,1,640} '}

       0.001 ms  /decoder/dec_rnn/lstm/LSTM&LSTM&LstmStateCopy
    category: Api
    args: {'shapes': 'inputs[0] = {1,1,640} outputs[0] = {1,640} ', 'cache_key': 'LstmStateCopy[from|0]:256,1,1:1:1|1|1|1:0;:'}

       0.001 ms  /decoder/dec_rnn/lstm/LSTM&LSTM&LstmStateCopy
    category: Api
    args: {'shapes': 'inputs[0] = {1,1,640} outputs[0] = {1,640} ', 'cache_key': 'LstmStateCopy[from|0]:256,1,1:1:1|1|1|1:0;:'}

       0.001 ms  /decoder/dec_rnn/lstm/LSTM&LSTM&LstmStateCopy
    category: Api
    args: {'shapes': 'inputs[0] = {1,640} outputs[0] = {1,1,640} ', 'cache_key': 'LstmStateCopy[to|0|0]:256,1,1:1:1|1|1|1:0;:'}

       0.001 ms  /decoder/dec_rnn/lstm/LSTM&LSTM&LstmStateCopy
    category: Api
    args: {'cache_key': 'LstmStateCopy[to|0|0]:256,1,1:1:1|1|1|1:0;:', 'shapes': 'inputs[0] = {1,640} outputs[0] = {1,1,640} '}

       0.001 ms  /decoder/dec_rnn/lstm/LSTM_1&LSTM&LstmStateCopy
    category: Api
    args: {'shapes': 'inputs[0] = {1,1,640} outputs[0] = {1,640} ', 'cache_key': 'LstmStateCopy[from|0]:256,1,1:1:1|1|1|1:0;:'}

       0.001 ms  /decoder/dec_rnn/lstm/LSTM_1&LSTM&LstmStateCopy
    category: Api
    args: {'cache_key': 'LstmStateCopy[from|0]:256,1,1:1:1|1|1|1:0;:', 'shapes': 'inputs[0] = {1,1,640} outputs[0] = {1,640} '}

       0.001 ms  /decoder/dec_rnn/lstm/LSTM_1&LSTM&LstmStateCopy
    category: Api
    args: {'cache_key': 'LstmStateCopy[to|0|0]:256,1,1:1:1|1|1|1:0;:', 'shapes': 'inputs[0] = {1,640} outputs[0] = {1,1,640} '}

       0.001 ms  /decoder/dec_rnn/lstm/LSTM_1&LSTM&LstmStateCopy
    category: Api
    args: {'shapes': 'inputs[0] = {1,640} outputs[0] = {1,1,640} ', 'cache_key': 'LstmStateCopy[to|0|0]:256,1,1:1:1|1|1|1:0;:'}

       0.001 ms  /decoder/dec_rnn/lstm/LSTM&LSTM&LstmStateCopy
    category: Api
    args: {'cache_key': 'LstmStateCopy[from|0]:256,1,1:1:1|1|1|1:0;:', 'shapes': 'inputs[0] = {1,1,640} outputs[0] = {1,640} '}

       0.001 ms  /decoder/dec_rnn/lstm/LSTM&LSTM&LstmStateCopy
    category: Api
    args: {'cache_key': 'LstmStateCopy[from|0]:256,1,1:1:1|1|1|1:0;:', 'shapes': 'inputs[0] = {1,1,640} outputs[0] = {1,640} '}

       0.001 ms  /decoder/dec_rnn/lstm/LSTM&LSTM&LstmStateCopy
    category: Api
    args: {'cache_key': 'LstmStateCopy[to|0|0]:256,1,1:1:1|1|1|1:0;:', 'shapes': 'inputs[0] = {1,640} outputs[0] = {1,1,640} '}

       0.001 ms  /decoder/dec_rnn/lstm/LSTM&LSTM&LstmStateCopy
    category: Api
    args: {'cache_key': 'LstmStateCopy[to|0|0]:256,1,1:1:1|1|1|1:0;:', 'shapes': 'inputs[0] = {1,640} outputs[0] = {1,1,640} '}

       0.001 ms  /decoder/dec_rnn/lstm/LSTM_1&LSTM&LstmStateCopy
    category: Api
    args: {'cache_key': 'LstmStateCopy[from|0]:256,1,1:1:1|1|1|1:0;:', 'shapes': 'inputs[0] = {1,1,640} outputs[0] = {1,640} '}

       0.001 ms  /decoder/dec_rnn/lstm/LSTM_1&LSTM&LstmStateCopy
    category: Api
    args: {'shapes': 'inputs[0] = {1,1,640} outputs[0] = {1,640} ', 'cache_key': 'LstmStateCopy[from|0]:256,1,1:1:1|1|1|1:0;:'}

       0.001 ms  /decoder/dec_rnn/lstm/LSTM_1&LSTM&LstmStateCopy
    category: Api
    args: {'cache_key': 'LstmStateCopy[to|0|0]:256,1,1:1:1|1|1|1:0;:', 'shapes': 'inputs[0] = {1,640} outputs[0] = {1,1,640} '}

       0.001 ms  /decoder/dec_rnn/lstm/LSTM_1&LSTM&LstmStateCopy
    category: Api
    args: {'shapes': 'inputs[0] = {1,640} outputs[0] = {1,1,640} ', 'cache_key': 'LstmStateCopy[to|0|0]:256,1,1:1:1|1|1|1:0;:'}

       0.001 ms  /decoder/dec_rnn/lstm/LSTM&LSTM&LstmStateCopy
    category: Api
    args: {'cache_key': 'LstmStateCopy[from|0]:256,1,1:1:1|1|1|1:0;:', 'shapes': 'inputs[0] = {1,1,640} outputs[0] = {1,640} '}

       0.001 ms  /decoder/dec_rnn/lstm/LSTM&LSTM&LstmStateCopy
    category: Api
    args: {'shapes': 'inputs[0] = {1,1,640} outputs[0] = {1,640} ', 'cache_key': 'LstmStateCopy[from|0]:256,1,1:1:1|1|1|1:0;:'}

       0.001 ms  /decoder/dec_rnn/lstm/LSTM&LSTM&LstmStateCopy
    category: Api
    args: {'shapes': 'inputs[0] = {1,640} outputs[0] = {1,1,640} ', 'cache_key': 'LstmStateCopy[to|0|0]:256,1,1:1:1|1|1|1:0;:'}

       0.001 ms  /decoder/dec_rnn/lstm/LSTM&LSTM&LstmStateCopy
    category: Api
    args: {'cache_key': 'LstmStateCopy[to|0|0]:256,1,1:1:1|1|1|1:0;:', 'shapes': 'inputs[0] = {1,640} outputs[0] = {1,1,640} '}

       0.001 ms  /decoder/dec_rnn/lstm/LSTM_1&LSTM&LstmStateCopy
    category: Api
    args: {'shapes': 'inputs[0] = {1,1,640} outputs[0] = {1,640} ', 'cache_key': 'LstmStateCopy[from|0]:256,1,1:1:1|1|1|1:0;:'}

       0.001 ms  /decoder/dec_rnn/lstm/LSTM_1&LSTM&LstmStateCopy
    category: Api
    args: {'shapes': 'inputs[0] = {1,1,640} outputs[0] = {1,640} ', 'cache_key': 'LstmStateCopy[from|0]:256,1,1:1:1|1|1|1:0;:'}

       0.001 ms  /decoder/dec_rnn/lstm/LSTM_1&LSTM&LstmStateCopy
    category: Api
    args: {'shapes': 'inputs[0] = {1,640} outputs[0] = {1,1,640} ', 'cache_key': 'LstmStateCopy[to|0|0]:256,1,1:1:1|1|1|1:0;:'}

       0.001 ms  /decoder/dec_rnn/lstm/LSTM_1&LSTM&LstmStateCopy
    category: Api
    args: {'shapes': 'inputs[0] = {1,640} outputs[0] = {1,1,640} ', 'cache_key': 'LstmStateCopy[to|0|0]:256,1,1:1:1|1|1|1:0;:'}

       0.001 ms  /decoder/dec_rnn/lstm/LSTM&LSTM&LstmStateCopy
    category: Api
    args: {'cache_key': 'LstmStateCopy[from|0]:256,1,1:1:1|1|1|1:0;:', 'shapes': 'inputs[0] = {1,1,640} outputs[0] = {1,640} '}

       0.001 ms  /decoder/dec_rnn/lstm/LSTM&LSTM&LstmStateCopy
    category: Api
    args: {'cache_key': 'LstmStateCopy[from|0]:256,1,1:1:1|1|1|1:0;:', 'shapes': 'inputs[0] = {1,1,640} outputs[0] = {1,640} '}

       0.001 ms  /decoder/dec_rnn/lstm/LSTM&LSTM&LstmStateCopy
    category: Api
    args: {'shapes': 'inputs[0] = {1,640} outputs[0] = {1,1,640} ', 'cache_key': 'LstmStateCopy[to|0|0]:256,1,1:1:1|1|1|1:0;:'}

       0.001 ms  /decoder/dec_rnn/lstm/LSTM&LSTM&LstmStateCopy
    category: Api
    args: {'cache_key': 'LstmStateCopy[to|0|0]:256,1,1:1:1|1|1|1:0;:', 'shapes': 'inputs[0] = {1,640} outputs[0] = {1,1,640} '}

       0.001 ms  /decoder/dec_rnn/lstm/LSTM_1&LSTM&LstmStateCopy
    category: Api
    args: {'cache_key': 'LstmStateCopy[from|0]:256,1,1:1:1|1|1|1:0;:', 'shapes': 'inputs[0] = {1,1,640} outputs[0] = {1,640} '}

       0.001 ms  /decoder/dec_rnn/lstm/LSTM_1&LSTM&LstmStateCopy
    category: Api
    args: {'shapes': 'inputs[0] = {1,1,640} outputs[0] = {1,640} ', 'cache_key': 'LstmStateCopy[from|0]:256,1,1:1:1|1|1|1:0;:'}

       0.001 ms  /decoder/dec_rnn/lstm/LSTM_1&LSTM&LstmStateCopy
    category: Api
    args: {'cache_key': 'LstmStateCopy[to|0|0]:256,1,1:1:1|1|1|1:0;:', 'shapes': 'inputs[0] = {1,640} outputs[0] = {1,1,640} '}

       0.001 ms  /decoder/dec_rnn/lstm/LSTM_1&LSTM&LstmStateCopy
    category: Api
    args: {'cache_key': 'LstmStateCopy[to|0|0]:256,1,1:1:1|1|1|1:0;:', 'shapes': 'inputs[0] = {1,640} outputs[0] = {1,1,640} '}

       0.001 ms  /decoder/dec_rnn/lstm/LSTM&LSTM&LstmStateCopy
    category: Api
    args: {'cache_key': 'LstmStateCopy[from|0]:256,1,1:1:1|1|1|1:0;:', 'shapes': 'inputs[0] = {1,1,640} outputs[0] = {1,640} '}

       0.001 ms  /decoder/dec_rnn/lstm/LSTM&LSTM&LstmStateCopy
    category: Api
    args: {'shapes': 'inputs[0] = {1,1,640} outputs[0] = {1,640} ', 'cache_key': 'LstmStateCopy[from|0]:256,1,1:1:1|1|1|1:0;:'}

       0.264 ms  /decoder/dec_rnn/lstm/LSTM&LSTM&LstmStateCopy
    category: Api
    args: {'cache_key': 'LstmStateCopy[to|0|0]:256,1,1:1:1|1|1|1:0;:', 'shapes': 'inputs[0] = {1,640} outputs[0] = {1,1,640} '}

       0.001 ms  /decoder/dec_rnn/lstm/LSTM&LSTM&LstmStateCopy
    category: Api
    args: {'shapes': 'inputs[0] = {1,640} outputs[0] = {1,1,640} ', 'cache_key': 'LstmStateCopy[to|0|0]:256,1,1:1:1|1|1|1:0;:'}

       0.001 ms  /decoder/dec_rnn/lstm/LSTM_1&LSTM&LstmStateCopy
    category: Api
    args: {'shapes': 'inputs[0] = {1,1,640} outputs[0] = {1,640} ', 'cache_key': 'LstmStateCopy[from|0]:256,1,1:1:1|1|1|1:0;:'}

       0.001 ms  /decoder/dec_rnn/lstm/LSTM_1&LSTM&LstmStateCopy
    category: Api
    args: {'shapes': 'inputs[0] = {1,1,640} outputs[0] = {1,640} ', 'cache_key': 'LstmStateCopy[from|0]:256,1,1:1:1|1|1|1:0;:'}

       0.001 ms  /decoder/dec_rnn/lstm/LSTM_1&LSTM&LstmStateCopy
    category: Api
    args: {'cache_key': 'LstmStateCopy[to|0|0]:256,1,1:1:1|1|1|1:0;:', 'shapes': 'inputs[0] = {1,640} outputs[0] = {1,1,640} '}

       0.001 ms  /decoder/dec_rnn/lstm/LSTM_1&LSTM&LstmStateCopy
    category: Api
    args: {'shapes': 'inputs[0] = {1,640} outputs[0] = {1,1,640} ', 'cache_key': 'LstmStateCopy[to|0|0]:256,1,1:1:1|1|1|1:0;:'}

       0.001 ms  /decoder/dec_rnn/lstm/LSTM&LSTM&LstmStateCopy
    category: Api
    args: {'cache_key': 'LstmStateCopy[from|0]:256,1,1:1:1|1|1|1:0;:', 'shapes': 'inputs[0] = {1,1,640} outputs[0] = {1,640} '}

       0.001 ms  /decoder/dec_rnn/lstm/LSTM&LSTM&LstmStateCopy
    category: Api
    args: {'cache_key': 'LstmStateCopy[from|0]:256,1,1:1:1|1|1|1:0;:', 'shapes': 'inputs[0] = {1,1,640} outputs[0] = {1,640} '}

       0.001 ms  /decoder/dec_rnn/lstm/LSTM&LSTM&LstmStateCopy
    category: Api
    args: {'shapes': 'inputs[0] = {1,640} outputs[0] = {1,1,640} ', 'cache_key': 'LstmStateCopy[to|0|0]:256,1,1:1:1|1|1|1:0;:'}

       0.001 ms  /decoder/dec_rnn/lstm/LSTM&LSTM&LstmStateCopy
    category: Api
    args: {'cache_key': 'LstmStateCopy[to|0|0]:256,1,1:1:1|1|1|1:0;:', 'shapes': 'inputs[0] = {1,640} outputs[0] = {1,1,640} '}

       0.001 ms  /decoder/dec_rnn/lstm/LSTM_1&LSTM&LstmStateCopy
    category: Api
    args: {'cache_key': 'LstmStateCopy[from|0]:256,1,1:1:1|1|1|1:0;:', 'shapes': 'inputs[0] = {1,1,640} outputs[0] = {1,640} '}

       0.001 ms  /decoder/dec_rnn/lstm/LSTM_1&LSTM&LstmStateCopy
    category: Api
    args: {'shapes': 'inputs[0] = {1,1,640} outputs[0] = {1,640} ', 'cache_key': 'LstmStateCopy[from|0]:256,1,1:1:1|1|1|1:0;:'}

       0.001 ms  /decoder/dec_rnn/lstm/LSTM_1&LSTM&LstmStateCopy
    category: Api
    args: {'cache_key': 'LstmStateCopy[to|0|0]:256,1,1:1:1|1|1|1:0;:', 'shapes': 'inputs[0] = {1,640} outputs[0] = {1,1,640} '}

       0.001 ms  /decoder/dec_rnn/lstm/LSTM_1&LSTM&LstmStateCopy
    category: Api
    args: {'shapes': 'inputs[0] = {1,640} outputs[0] = {1,1,640} ', 'cache_key': 'LstmStateCopy[to|0|0]:256,1,1:1:1|1|1|1:0;:'}

       0.001 ms  /decoder/dec_rnn/lstm/LSTM&LSTM&LstmStateCopy
    category: Api
    args: {'shapes': 'inputs[0] = {1,1,640} outputs[0] = {1,640} ', 'cache_key': 'LstmStateCopy[from|0]:256,1,1:1:1|1|1|1:0;:'}

       0.001 ms  /decoder/dec_rnn/lstm/LSTM&LSTM&LstmStateCopy
    category: Api
    args: {'cache_key': 'LstmStateCopy[from|0]:256,1,1:1:1|1|1|1:0;:', 'shapes': 'inputs[0] = {1,1,640} outputs[0] = {1,640} '}

       0.001 ms  /decoder/dec_rnn/lstm/LSTM&LSTM&LstmStateCopy
    category: Api
    args: {'shapes': 'inputs[0] = {1,640} outputs[0] = {1,1,640} ', 'cache_key': 'LstmStateCopy[to|0|0]:256,1,1:1:1|1|1|1:0;:'}

       0.001 ms  /decoder/dec_rnn/lstm/LSTM&LSTM&LstmStateCopy
    category: Api
    args: {'cache_key': 'LstmStateCopy[to|0|0]:256,1,1:1:1|1|1|1:0;:', 'shapes': 'inputs[0] = {1,640} outputs[0] = {1,1,640} '}

       0.001 ms  /decoder/dec_rnn/lstm/LSTM_1&LSTM&LstmStateCopy
    category: Api
    args: {'cache_key': 'LstmStateCopy[from|0]:256,1,1:1:1|1|1|1:0;:', 'shapes': 'inputs[0] = {1,1,640} outputs[0] = {1,640} '}

       0.001 ms  /decoder/dec_rnn/lstm/LSTM_1&LSTM&LstmStateCopy
    category: Api
    args: {'shapes': 'inputs[0] = {1,1,640} outputs[0] = {1,640} ', 'cache_key': 'LstmStateCopy[from|0]:256,1,1:1:1|1|1|1:0;:'}

       0.001 ms  /decoder/dec_rnn/lstm/LSTM_1&LSTM&LstmStateCopy
    category: Api
    args: {'cache_key': 'LstmStateCopy[to|0|0]:256,1,1:1:1|1|1|1:0;:', 'shapes': 'inputs[0] = {1,640} outputs[0] = {1,1,640} '}

       0.001 ms  /decoder/dec_rnn/lstm/LSTM_1&LSTM&LstmStateCopy
    category: Api
    args: {'shapes': 'inputs[0] = {1,640} outputs[0] = {1,1,640} ', 'cache_key': 'LstmStateCopy[to|0|0]:256,1,1:1:1|1|1|1:0;:'}

       0.001 ms  /decoder/dec_rnn/lstm/LSTM&LSTM&LstmStateCopy
    category: Api
    args: {'cache_key': 'LstmStateCopy[from|0]:256,1,1:1:1|1|1|1:0;:', 'shapes': 'inputs[0] = {1,1,640} outputs[0] = {1,640} '}

       0.001 ms  /decoder/dec_rnn/lstm/LSTM&LSTM&LstmStateCopy
    category: Api
    args: {'cache_key': 'LstmStateCopy[from|0]:256,1,1:1:1|1|1|1:0;:', 'shapes': 'inputs[0] = {1,1,640} outputs[0] = {1,640} '}

       0.002 ms  /decoder/dec_rnn/lstm/LSTM&LSTM&LstmStateCopy
    category: Api
    args: {'cache_key': 'LstmStateCopy[to|0|0]:256,1,1:1:1|1|1|1:0;:', 'shapes': 'inputs[0] = {1,640} outputs[0] = {1,1,640} '}

       0.001 ms  /decoder/dec_rnn/lstm/LSTM&LSTM&LstmStateCopy
    category: Api
    args: {'shapes': 'inputs[0] = {1,640} outputs[0] = {1,1,640} ', 'cache_key': 'LstmStateCopy[to|0|0]:256,1,1:1:1|1|1|1:0;:'}

       0.001 ms  /decoder/dec_rnn/lstm/LSTM_1&LSTM&LstmStateCopy
    category: Api
    args: {'shapes': 'inputs[0] = {1,1,640} outputs[0] = {1,640} ', 'cache_key': 'LstmStateCopy[from|0]:256,1,1:1:1|1|1|1:0;:'}

       0.001 ms  /decoder/dec_rnn/lstm/LSTM_1&LSTM&LstmStateCopy
    category: Api
    args: {'shapes': 'inputs[0] = {1,1,640} outputs[0] = {1,640} ', 'cache_key': 'LstmStateCopy[from|0]:256,1,1:1:1|1|1|1:0;:'}

       0.270 ms  /decoder/dec_rnn/lstm/LSTM_1&LSTM&LstmStateCopy
    category: Api
    args: {'shapes': 'inputs[0] = {1,640} outputs[0] = {1,1,640} ', 'cache_key': 'LstmStateCopy[to|0|0]:256,1,1:1:1|1|1|1:0;:'}

       0.001 ms  /decoder/dec_rnn/lstm/LSTM_1&LSTM&LstmStateCopy
    category: Api
    args: {'shapes': 'inputs[0] = {1,640} outputs[0] = {1,1,640} ', 'cache_key': 'LstmStateCopy[to|0|0]:256,1,1:1:1|1|1|1:0;:'}

       0.001 ms  /decoder/dec_rnn/lstm/LSTM&LSTM&LstmStateCopy
    category: Api
    args: {'shapes': 'inputs[0] = {1,1,640} outputs[0] = {1,640} ', 'cache_key': 'LstmStateCopy[from|0]:256,1,1:1:1|1|1|1:0;:'}

       0.001 ms  /decoder/dec_rnn/lstm/LSTM&LSTM&LstmStateCopy
    category: Api
    args: {'cache_key': 'LstmStateCopy[from|0]:256,1,1:1:1|1|1|1:0;:', 'shapes': 'inputs[0] = {1,1,640} outputs[0] = {1,640} '}

       0.001 ms  /decoder/dec_rnn/lstm/LSTM&LSTM&LstmStateCopy
    category: Api
    args: {'cache_key': 'LstmStateCopy[to|0|0]:256,1,1:1:1|1|1|1:0;:', 'shapes': 'inputs[0] = {1,640} outputs[0] = {1,1,640} '}

       0.001 ms  /decoder/dec_rnn/lstm/LSTM&LSTM&LstmStateCopy
    category: Api
    args: {'cache_key': 'LstmStateCopy[to|0|0]:256,1,1:1:1|1|1|1:0;:', 'shapes': 'inputs[0] = {1,640} outputs[0] = {1,1,640} '}

       0.001 ms  /decoder/dec_rnn/lstm/LSTM_1&LSTM&LstmStateCopy
    category: Api
    args: {'shapes': 'inputs[0] = {1,1,640} outputs[0] = {1,640} ', 'cache_key': 'LstmStateCopy[from|0]:256,1,1:1:1|1|1|1:0;:'}

       0.001 ms  /decoder/dec_rnn/lstm/LSTM_1&LSTM&LstmStateCopy
    category: Api
    args: {'shapes': 'inputs[0] = {1,1,640} outputs[0] = {1,640} ', 'cache_key': 'LstmStateCopy[from|0]:256,1,1:1:1|1|1|1:0;:'}

       0.001 ms  /decoder/dec_rnn/lstm/LSTM_1&LSTM&LstmStateCopy
    category: Api
    args: {'shapes': 'inputs[0] = {1,640} outputs[0] = {1,1,640} ', 'cache_key': 'LstmStateCopy[to|0|0]:256,1,1:1:1|1|1|1:0;:'}

       0.001 ms  /decoder/dec_rnn/lstm/LSTM_1&LSTM&LstmStateCopy
    category: Api
    args: {'shapes': 'inputs[0] = {1,640} outputs[0] = {1,1,640} ', 'cache_key': 'LstmStateCopy[to|0|0]:256,1,1:1:1|1|1|1:0;:'}

       0.001 ms  /decoder/dec_rnn/lstm/LSTM&LSTM&LstmStateCopy
    category: Api
    args: {'shapes': 'inputs[0] = {1,1,640} outputs[0] = {1,640} ', 'cache_key': 'LstmStateCopy[from|0]:256,1,1:1:1|1|1|1:0;:'}

       0.001 ms  /decoder/dec_rnn/lstm/LSTM&LSTM&LstmStateCopy
    category: Api
    args: {'cache_key': 'LstmStateCopy[from|0]:256,1,1:1:1|1|1|1:0;:', 'shapes': 'inputs[0] = {1,1,640} outputs[0] = {1,640} '}

       0.001 ms  /decoder/dec_rnn/lstm/LSTM&LSTM&LstmStateCopy
    category: Api
    args: {'cache_key': 'LstmStateCopy[to|0|0]:256,1,1:1:1|1|1|1:0;:', 'shapes': 'inputs[0] = {1,640} outputs[0] = {1,1,640} '}

       0.001 ms  /decoder/dec_rnn/lstm/LSTM&LSTM&LstmStateCopy
    category: Api
    args: {'cache_key': 'LstmStateCopy[to|0|0]:256,1,1:1:1|1|1|1:0;:', 'shapes': 'inputs[0] = {1,640} outputs[0] = {1,1,640} '}

       0.001 ms  /decoder/dec_rnn/lstm/LSTM_1&LSTM&LstmStateCopy
    category: Api
    args: {'cache_key': 'LstmStateCopy[from|0]:256,1,1:1:1|1|1|1:0;:', 'shapes': 'inputs[0] = {1,1,640} outputs[0] = {1,640} '}

       0.001 ms  /decoder/dec_rnn/lstm/LSTM_1&LSTM&LstmStateCopy
    category: Api
    args: {'cache_key': 'LstmStateCopy[from|0]:256,1,1:1:1|1|1|1:0;:', 'shapes': 'inputs[0] = {1,1,640} outputs[0] = {1,640} '}

       0.001 ms  /decoder/dec_rnn/lstm/LSTM_1&LSTM&LstmStateCopy
    category: Api
    args: {'cache_key': 'LstmStateCopy[to|0|0]:256,1,1:1:1|1|1|1:0;:', 'shapes': 'inputs[0] = {1,640} outputs[0] = {1,1,640} '}

       0.001 ms  /decoder/dec_rnn/lstm/LSTM_1&LSTM&LstmStateCopy
    category: Api
    args: {'cache_key': 'LstmStateCopy[to|0|0]:256,1,1:1:1|1|1|1:0;:', 'shapes': 'inputs[0] = {1,640} outputs[0] = {1,1,640} '}

       0.001 ms  /decoder/dec_rnn/lstm/LSTM&LSTM&LstmStateCopy
    category: Api
    args: {'shapes': 'inputs[0] = {1,1,640} outputs[0] = {1,640} ', 'cache_key': 'LstmStateCopy[from|0]:256,1,1:1:1|1|1|1:0;:'}

       0.001 ms  /decoder/dec_rnn/lstm/LSTM&LSTM&LstmStateCopy
    category: Api
    args: {'shapes': 'inputs[0] = {1,1,640} outputs[0] = {1,640} ', 'cache_key': 'LstmStateCopy[from|0]:256,1,1:1:1|1|1|1:0;:'}

       0.001 ms  /decoder/dec_rnn/lstm/LSTM&LSTM&LstmStateCopy
    category: Api
    args: {'cache_key': 'LstmStateCopy[to|0|0]:256,1,1:1:1|1|1|1:0;:', 'shapes': 'inputs[0] = {1,640} outputs[0] = {1,1,640} '}

       0.001 ms  /decoder/dec_rnn/lstm/LSTM&LSTM&LstmStateCopy
    category: Api
    args: {'shapes': 'inputs[0] = {1,640} outputs[0] = {1,1,640} ', 'cache_key': 'LstmStateCopy[to|0|0]:256,1,1:1:1|1|1|1:0;:'}

       0.001 ms  /decoder/dec_rnn/lstm/LSTM_1&LSTM&LstmStateCopy
    category: Api
    args: {'cache_key': 'LstmStateCopy[from|0]:256,1,1:1:1|1|1|1:0;:', 'shapes': 'inputs[0] = {1,1,640} outputs[0] = {1,640} '}

       0.001 ms  /decoder/dec_rnn/lstm/LSTM_1&LSTM&LstmStateCopy
    category: Api
    args: {'cache_key': 'LstmStateCopy[from|0]:256,1,1:1:1|1|1|1:0;:', 'shapes': 'inputs[0] = {1,1,640} outputs[0] = {1,640} '}

       0.002 ms  /decoder/dec_rnn/lstm/LSTM_1&LSTM&LstmStateCopy
    category: Api
    args: {'shapes': 'inputs[0] = {1,640} outputs[0] = {1,1,640} ', 'cache_key': 'LstmStateCopy[to|0|0]:256,1,1:1:1|1|1|1:0;:'}

       0.001 ms  /decoder/dec_rnn/lstm/LSTM_1&LSTM&LstmStateCopy
    category: Api
    args: {'shapes': 'inputs[0] = {1,640} outputs[0] = {1,1,640} ', 'cache_key': 'LstmStateCopy[to|0|0]:256,1,1:1:1|1|1|1:0;:'}

       0.001 ms  /decoder/dec_rnn/lstm/LSTM&LSTM&LstmStateCopy
    category: Api
    args: {'shapes': 'inputs[0] = {1,1,640} outputs[0] = {1,640} ', 'cache_key': 'LstmStateCopy[from|0]:256,1,1:1:1|1|1|1:0;:'}

       0.001 ms  /decoder/dec_rnn/lstm/LSTM&LSTM&LstmStateCopy
    category: Api
    args: {'shapes': 'inputs[0] = {1,1,640} outputs[0] = {1,640} ', 'cache_key': 'LstmStateCopy[from|0]:256,1,1:1:1|1|1|1:0;:'}

       0.001 ms  /decoder/dec_rnn/lstm/LSTM&LSTM&LstmStateCopy
    category: Api
    args: {'cache_key': 'LstmStateCopy[to|0|0]:256,1,1:1:1|1|1|1:0;:', 'shapes': 'inputs[0] = {1,640} outputs[0] = {1,1,640} '}

       0.001 ms  /decoder/dec_rnn/lstm/LSTM&LSTM&LstmStateCopy
    category: Api
    args: {'shapes': 'inputs[0] = {1,640} outputs[0] = {1,1,640} ', 'cache_key': 'LstmStateCopy[to|0|0]:256,1,1:1:1|1|1|1:0;:'}

       0.001 ms  /decoder/dec_rnn/lstm/LSTM_1&LSTM&LstmStateCopy
    category: Api
    args: {'cache_key': 'LstmStateCopy[from|0]:256,1,1:1:1|1|1|1:0;:', 'shapes': 'inputs[0] = {1,1,640} outputs[0] = {1,640} '}

       0.001 ms  /decoder/dec_rnn/lstm/LSTM_1&LSTM&LstmStateCopy
    category: Api
    args: {'shapes': 'inputs[0] = {1,1,640} outputs[0] = {1,640} ', 'cache_key': 'LstmStateCopy[from|0]:256,1,1:1:1|1|1|1:0;:'}

       0.001 ms  /decoder/dec_rnn/lstm/LSTM_1&LSTM&LstmStateCopy
    category: Api
    args: {'cache_key': 'LstmStateCopy[to|0|0]:256,1,1:1:1|1|1|1:0;:', 'shapes': 'inputs[0] = {1,640} outputs[0] = {1,1,640} '}

       0.001 ms  /decoder/dec_rnn/lstm/LSTM_1&LSTM&LstmStateCopy
    category: Api
    args: {'cache_key': 'LstmStateCopy[to|0|0]:256,1,1:1:1|1|1|1:0;:', 'shapes': 'inputs[0] = {1,640} outputs[0] = {1,1,640} '}

       0.001 ms  /decoder/dec_rnn/lstm/LSTM&LSTM&LstmStateCopy
    category: Api
    args: {'shapes': 'inputs[0] = {1,1,640} outputs[0] = {1,640} ', 'cache_key': 'LstmStateCopy[from|0]:256,1,1:1:1|1|1|1:0;:'}

       0.001 ms  /decoder/dec_rnn/lstm/LSTM&LSTM&LstmStateCopy
    category: Api
    args: {'cache_key': 'LstmStateCopy[from|0]:256,1,1:1:1|1|1|1:0;:', 'shapes': 'inputs[0] = {1,1,640} outputs[0] = {1,640} '}

       0.001 ms  /decoder/dec_rnn/lstm/LSTM&LSTM&LstmStateCopy
    category: Api
    args: {'shapes': 'inputs[0] = {1,640} outputs[0] = {1,1,640} ', 'cache_key': 'LstmStateCopy[to|0|0]:256,1,1:1:1|1|1|1:0;:'}

       0.001 ms  /decoder/dec_rnn/lstm/LSTM&LSTM&LstmStateCopy
    category: Api
    args: {'cache_key': 'LstmStateCopy[to|0|0]:256,1,1:1:1|1|1|1:0;:', 'shapes': 'inputs[0] = {1,640} outputs[0] = {1,1,640} '}

       0.001 ms  /decoder/dec_rnn/lstm/LSTM_1&LSTM&LstmStateCopy
    category: Api
    args: {'cache_key': 'LstmStateCopy[from|0]:256,1,1:1:1|1|1|1:0;:', 'shapes': 'inputs[0] = {1,1,640} outputs[0] = {1,640} '}

       0.001 ms  /decoder/dec_rnn/lstm/LSTM_1&LSTM&LstmStateCopy
    category: Api
    args: {'shapes': 'inputs[0] = {1,1,640} outputs[0] = {1,640} ', 'cache_key': 'LstmStateCopy[from|0]:256,1,1:1:1|1|1|1:0;:'}

       0.001 ms  /decoder/dec_rnn/lstm/LSTM_1&LSTM&LstmStateCopy
    category: Api
    args: {'cache_key': 'LstmStateCopy[to|0|0]:256,1,1:1:1|1|1|1:0;:', 'shapes': 'inputs[0] = {1,640} outputs[0] = {1,1,640} '}

       0.001 ms  /decoder/dec_rnn/lstm/LSTM_1&LSTM&LstmStateCopy
    category: Api
    args: {'shapes': 'inputs[0] = {1,640} outputs[0] = {1,1,640} ', 'cache_key': 'LstmStateCopy[to|0|0]:256,1,1:1:1|1|1|1:0;:'}

       0.001 ms  /decoder/dec_rnn/lstm/LSTM&LSTM&LstmStateCopy
    category: Api
    args: {'shapes': 'inputs[0] = {1,1,640} outputs[0] = {1,640} ', 'cache_key': 'LstmStateCopy[from|0]:256,1,1:1:1|1|1|1:0;:'}

       0.001 ms  /decoder/dec_rnn/lstm/LSTM&LSTM&LstmStateCopy
    category: Api
    args: {'shapes': 'inputs[0] = {1,1,640} outputs[0] = {1,640} ', 'cache_key': 'LstmStateCopy[from|0]:256,1,1:1:1|1|1|1:0;:'}

       0.001 ms  /decoder/dec_rnn/lstm/LSTM&LSTM&LstmStateCopy
    category: Api
    args: {'cache_key': 'LstmStateCopy[to|0|0]:256,1,1:1:1|1|1|1:0;:', 'shapes': 'inputs[0] = {1,640} outputs[0] = {1,1,640} '}

       0.001 ms  /decoder/dec_rnn/lstm/LSTM&LSTM&LstmStateCopy
    category: Api
    args: {'cache_key': 'LstmStateCopy[to|0|0]:256,1,1:1:1|1|1|1:0;:', 'shapes': 'inputs[0] = {1,640} outputs[0] = {1,1,640} '}

       0.001 ms  /decoder/dec_rnn/lstm/LSTM_1&LSTM&LstmStateCopy
    category: Api
    args: {'cache_key': 'LstmStateCopy[from|0]:256,1,1:1:1|1|1|1:0;:', 'shapes': 'inputs[0] = {1,1,640} outputs[0] = {1,640} '}

       0.001 ms  /decoder/dec_rnn/lstm/LSTM_1&LSTM&LstmStateCopy
    category: Api
    args: {'shapes': 'inputs[0] = {1,1,640} outputs[0] = {1,640} ', 'cache_key': 'LstmStateCopy[from|0]:256,1,1:1:1|1|1|1:0;:'}

       0.002 ms  /decoder/dec_rnn/lstm/LSTM_1&LSTM&LstmStateCopy
    category: Api
    args: {'shapes': 'inputs[0] = {1,640} outputs[0] = {1,1,640} ', 'cache_key': 'LstmStateCopy[to|0|0]:256,1,1:1:1|1|1|1:0;:'}

       0.001 ms  /decoder/dec_rnn/lstm/LSTM_1&LSTM&LstmStateCopy
    category: Api
    args: {'cache_key': 'LstmStateCopy[to|0|0]:256,1,1:1:1|1|1|1:0;:', 'shapes': 'inputs[0] = {1,640} outputs[0] = {1,1,640} '}

       0.001 ms  /decoder/dec_rnn/lstm/LSTM&LSTM&LstmStateCopy
    category: Api
    args: {'cache_key': 'LstmStateCopy[from|0]:256,1,1:1:1|1|1|1:0;:', 'shapes': 'inputs[0] = {1,1,640} outputs[0] = {1,640} '}

       0.001 ms  /decoder/dec_rnn/lstm/LSTM&LSTM&LstmStateCopy
    category: Api
    args: {'shapes': 'inputs[0] = {1,1,640} outputs[0] = {1,640} ', 'cache_key': 'LstmStateCopy[from|0]:256,1,1:1:1|1|1|1:0;:'}

       0.001 ms  /decoder/dec_rnn/lstm/LSTM&LSTM&LstmStateCopy
    category: Api
    args: {'shapes': 'inputs[0] = {1,640} outputs[0] = {1,1,640} ', 'cache_key': 'LstmStateCopy[to|0|0]:256,1,1:1:1|1|1|1:0;:'}

       0.001 ms  /decoder/dec_rnn/lstm/LSTM&LSTM&LstmStateCopy
    category: Api
    args: {'shapes': 'inputs[0] = {1,640} outputs[0] = {1,1,640} ', 'cache_key': 'LstmStateCopy[to|0|0]:256,1,1:1:1|1|1|1:0;:'}

       0.001 ms  /decoder/dec_rnn/lstm/LSTM_1&LSTM&LstmStateCopy
    category: Api
    args: {'shapes': 'inputs[0] = {1,1,640} outputs[0] = {1,640} ', 'cache_key': 'LstmStateCopy[from|0]:256,1,1:1:1|1|1|1:0;:'}

       0.001 ms  /decoder/dec_rnn/lstm/LSTM_1&LSTM&LstmStateCopy
    category: Api
    args: {'shapes': 'inputs[0] = {1,1,640} outputs[0] = {1,640} ', 'cache_key': 'LstmStateCopy[from|0]:256,1,1:1:1|1|1|1:0;:'}

       0.001 ms  /decoder/dec_rnn/lstm/LSTM_1&LSTM&LstmStateCopy
    category: Api
    args: {'shapes': 'inputs[0] = {1,640} outputs[0] = {1,1,640} ', 'cache_key': 'LstmStateCopy[to|0|0]:256,1,1:1:1|1|1|1:0;:'}

       0.001 ms  /decoder/dec_rnn/lstm/LSTM_1&LSTM&LstmStateCopy
    category: Api
    args: {'cache_key': 'LstmStateCopy[to|0|0]:256,1,1:1:1|1|1|1:0;:', 'shapes': 'inputs[0] = {1,640} outputs[0] = {1,1,640} '}

       0.001 ms  /decoder/dec_rnn/lstm/LSTM&LSTM&LstmStateCopy
    category: Api
    args: {'cache_key': 'LstmStateCopy[from|0]:256,1,1:1:1|1|1|1:0;:', 'shapes': 'inputs[0] = {1,1,640} outputs[0] = {1,640} '}

       0.001 ms  /decoder/dec_rnn/lstm/LSTM&LSTM&LstmStateCopy
    category: Api
    args: {'shapes': 'inputs[0] = {1,1,640} outputs[0] = {1,640} ', 'cache_key': 'LstmStateCopy[from|0]:256,1,1:1:1|1|1|1:0;:'}

       0.001 ms  /decoder/dec_rnn/lstm/LSTM&LSTM&LstmStateCopy
    category: Api
    args: {'shapes': 'inputs[0] = {1,640} outputs[0] = {1,1,640} ', 'cache_key': 'LstmStateCopy[to|0|0]:256,1,1:1:1|1|1|1:0;:'}

       0.001 ms  /decoder/dec_rnn/lstm/LSTM&LSTM&LstmStateCopy
    category: Api
    args: {'cache_key': 'LstmStateCopy[to|0|0]:256,1,1:1:1|1|1|1:0;:', 'shapes': 'inputs[0] = {1,640} outputs[0] = {1,1,640} '}

       0.001 ms  /decoder/dec_rnn/lstm/LSTM_1&LSTM&LstmStateCopy
    category: Api
    args: {'cache_key': 'LstmStateCopy[from|0]:256,1,1:1:1|1|1|1:0;:', 'shapes': 'inputs[0] = {1,1,640} outputs[0] = {1,640} '}

       0.001 ms  /decoder/dec_rnn/lstm/LSTM_1&LSTM&LstmStateCopy
    category: Api
    args: {'shapes': 'inputs[0] = {1,1,640} outputs[0] = {1,640} ', 'cache_key': 'LstmStateCopy[from|0]:256,1,1:1:1|1|1|1:0;:'}

       0.001 ms  /decoder/dec_rnn/lstm/LSTM_1&LSTM&LstmStateCopy
    category: Api
    args: {'cache_key': 'LstmStateCopy[to|0|0]:256,1,1:1:1|1|1|1:0;:', 'shapes': 'inputs[0] = {1,640} outputs[0] = {1,1,640} '}

       0.001 ms  /decoder/dec_rnn/lstm/LSTM_1&LSTM&LstmStateCopy
    category: Api
    args: {'shapes': 'inputs[0] = {1,640} outputs[0] = {1,1,640} ', 'cache_key': 'LstmStateCopy[to|0|0]:256,1,1:1:1|1|1|1:0;:'}

       0.001 ms  /decoder/dec_rnn/lstm/LSTM&LSTM&LstmStateCopy
    category: Api
    args: {'cache_key': 'LstmStateCopy[from|0]:256,1,1:1:1|1|1|1:0;:', 'shapes': 'inputs[0] = {1,1,640} outputs[0] = {1,640} '}

       0.001 ms  /decoder/dec_rnn/lstm/LSTM&LSTM&LstmStateCopy
    category: Api
    args: {'shapes': 'inputs[0] = {1,1,640} outputs[0] = {1,640} ', 'cache_key': 'LstmStateCopy[from|0]:256,1,1:1:1|1|1|1:0;:'}

       0.003 ms  /decoder/dec_rnn/lstm/LSTM&LSTM&LstmStateCopy
    category: Api
    args: {'shapes': 'inputs[0] = {1,640} outputs[0] = {1,1,640} ', 'cache_key': 'LstmStateCopy[to|0|0]:256,1,1:1:1|1|1|1:0;:'}

       0.001 ms  /decoder/dec_rnn/lstm/LSTM&LSTM&LstmStateCopy
    category: Api
    args: {'shapes': 'inputs[0] = {1,640} outputs[0] = {1,1,640} ', 'cache_key': 'LstmStateCopy[to|0|0]:256,1,1:1:1|1|1|1:0;:'}

       0.001 ms  /decoder/dec_rnn/lstm/LSTM_1&LSTM&LstmStateCopy
    category: Api
    args: {'cache_key': 'LstmStateCopy[from|0]:256,1,1:1:1|1|1|1:0;:', 'shapes': 'inputs[0] = {1,1,640} outputs[0] = {1,640} '}

       0.001 ms  /decoder/dec_rnn/lstm/LSTM_1&LSTM&LstmStateCopy
    category: Api
    args: {'shapes': 'inputs[0] = {1,1,640} outputs[0] = {1,640} ', 'cache_key': 'LstmStateCopy[from|0]:256,1,1:1:1|1|1|1:0;:'}

       0.314 ms  /decoder/dec_rnn/lstm/LSTM_1&LSTM&LstmStateCopy
    category: Api
    args: {'cache_key': 'LstmStateCopy[to|0|0]:256,1,1:1:1|1|1|1:0;:', 'shapes': 'inputs[0] = {1,640} outputs[0] = {1,1,640} '}

       0.001 ms  /decoder/dec_rnn/lstm/LSTM_1&LSTM&LstmStateCopy
    category: Api
    args: {'shapes': 'inputs[0] = {1,640} outputs[0] = {1,1,640} ', 'cache_key': 'LstmStateCopy[to|0|0]:256,1,1:1:1|1|1|1:0;:'}

       0.001 ms  /decoder/dec_rnn/lstm/LSTM&LSTM&LstmStateCopy
    category: Api
    args: {'shapes': 'inputs[0] = {1,1,640} outputs[0] = {1,640} ', 'cache_key': 'LstmStateCopy[from|0]:256,1,1:1:1|1|1|1:0;:'}

       0.001 ms  /decoder/dec_rnn/lstm/LSTM&LSTM&LstmStateCopy
    category: Api
    args: {'shapes': 'inputs[0] = {1,1,640} outputs[0] = {1,640} ', 'cache_key': 'LstmStateCopy[from|0]:256,1,1:1:1|1|1|1:0;:'}

       0.001 ms  /decoder/dec_rnn/lstm/LSTM&LSTM&LstmStateCopy
    category: Api
    args: {'shapes': 'inputs[0] = {1,640} outputs[0] = {1,1,640} ', 'cache_key': 'LstmStateCopy[to|0|0]:256,1,1:1:1|1|1|1:0;:'}

       0.001 ms  /decoder/dec_rnn/lstm/LSTM&LSTM&LstmStateCopy
    category: Api
    args: {'shapes': 'inputs[0] = {1,640} outputs[0] = {1,1,640} ', 'cache_key': 'LstmStateCopy[to|0|0]:256,1,1:1:1|1|1|1:0;:'}

       0.001 ms  /decoder/dec_rnn/lstm/LSTM_1&LSTM&LstmStateCopy
    category: Api
    args: {'cache_key': 'LstmStateCopy[from|0]:256,1,1:1:1|1|1|1:0;:', 'shapes': 'inputs[0] = {1,1,640} outputs[0] = {1,640} '}

       0.001 ms  /decoder/dec_rnn/lstm/LSTM_1&LSTM&LstmStateCopy
    category: Api
    args: {'shapes': 'inputs[0] = {1,1,640} outputs[0] = {1,640} ', 'cache_key': 'LstmStateCopy[from|0]:256,1,1:1:1|1|1|1:0;:'}

       0.001 ms  /decoder/dec_rnn/lstm/LSTM_1&LSTM&LstmStateCopy
    category: Api
    args: {'shapes': 'inputs[0] = {1,640} outputs[0] = {1,1,640} ', 'cache_key': 'LstmStateCopy[to|0|0]:256,1,1:1:1|1|1|1:0;:'}

       0.001 ms  /decoder/dec_rnn/lstm/LSTM_1&LSTM&LstmStateCopy
    category: Api
    args: {'shapes': 'inputs[0] = {1,640} outputs[0] = {1,1,640} ', 'cache_key': 'LstmStateCopy[to|0|0]:256,1,1:1:1|1|1|1:0;:'}

       0.001 ms  /decoder/dec_rnn/lstm/LSTM&LSTM&LstmStateCopy
    category: Api
    args: {'shapes': 'inputs[0] = {1,1,640} outputs[0] = {1,640} ', 'cache_key': 'LstmStateCopy[from|0]:256,1,1:1:1|1|1|1:0;:'}

       0.001 ms  /decoder/dec_rnn/lstm/LSTM&LSTM&LstmStateCopy
    category: Api
    args: {'cache_key': 'LstmStateCopy[from|0]:256,1,1:1:1|1|1|1:0;:', 'shapes': 'inputs[0] = {1,1,640} outputs[0] = {1,640} '}

       0.001 ms  /decoder/dec_rnn/lstm/LSTM&LSTM&LstmStateCopy
    category: Api
    args: {'shapes': 'inputs[0] = {1,640} outputs[0] = {1,1,640} ', 'cache_key': 'LstmStateCopy[to|0|0]:256,1,1:1:1|1|1|1:0;:'}

       0.001 ms  /decoder/dec_rnn/lstm/LSTM&LSTM&LstmStateCopy
    category: Api
    args: {'cache_key': 'LstmStateCopy[to|0|0]:256,1,1:1:1|1|1|1:0;:', 'shapes': 'inputs[0] = {1,640} outputs[0] = {1,1,640} '}

       0.001 ms  /decoder/dec_rnn/lstm/LSTM_1&LSTM&LstmStateCopy
    category: Api
    args: {'shapes': 'inputs[0] = {1,1,640} outputs[0] = {1,640} ', 'cache_key': 'LstmStateCopy[from|0]:256,1,1:1:1|1|1|1:0;:'}

       0.001 ms  /decoder/dec_rnn/lstm/LSTM_1&LSTM&LstmStateCopy
    category: Api
    args: {'shapes': 'inputs[0] = {1,1,640} outputs[0] = {1,640} ', 'cache_key': 'LstmStateCopy[from|0]:256,1,1:1:1|1|1|1:0;:'}

       0.001 ms  /decoder/dec_rnn/lstm/LSTM_1&LSTM&LstmStateCopy
    category: Api
    args: {'cache_key': 'LstmStateCopy[to|0|0]:256,1,1:1:1|1|1|1:0;:', 'shapes': 'inputs[0] = {1,640} outputs[0] = {1,1,640} '}

       0.001 ms  /decoder/dec_rnn/lstm/LSTM_1&LSTM&LstmStateCopy
    category: Api
    args: {'cache_key': 'LstmStateCopy[to|0|0]:256,1,1:1:1|1|1|1:0;:', 'shapes': 'inputs[0] = {1,640} outputs[0] = {1,1,640} '}

       0.001 ms  /decoder/dec_rnn/lstm/LSTM&LSTM&LstmStateCopy
    category: Api
    args: {'cache_key': 'LstmStateCopy[from|0]:256,1,1:1:1|1|1|1:0;:', 'shapes': 'inputs[0] = {1,1,640} outputs[0] = {1,640} '}

       0.001 ms  /decoder/dec_rnn/lstm/LSTM&LSTM&LstmStateCopy
    category: Api
    args: {'cache_key': 'LstmStateCopy[from|0]:256,1,1:1:1|1|1|1:0;:', 'shapes': 'inputs[0] = {1,1,640} outputs[0] = {1,640} '}

       0.001 ms  /decoder/dec_rnn/lstm/LSTM&LSTM&LstmStateCopy
    category: Api
    args: {'shapes': 'inputs[0] = {1,640} outputs[0] = {1,1,640} ', 'cache_key': 'LstmStateCopy[to|0|0]:256,1,1:1:1|1|1|1:0;:'}

       0.001 ms  /decoder/dec_rnn/lstm/LSTM&LSTM&LstmStateCopy
    category: Api
    args: {'cache_key': 'LstmStateCopy[to|0|0]:256,1,1:1:1|1|1|1:0;:', 'shapes': 'inputs[0] = {1,640} outputs[0] = {1,1,640} '}

       0.004 ms  /decoder/dec_rnn/lstm/LSTM_1&LSTM&LstmStateCopy
    category: Api
    args: {'shapes': 'inputs[0] = {1,1,640} outputs[0] = {1,640} ', 'cache_key': 'LstmStateCopy[from|0]:256,1,1:1:1|1|1|1:0;:'}

       0.001 ms  /decoder/dec_rnn/lstm/LSTM_1&LSTM&LstmStateCopy
    category: Api
    args: {'cache_key': 'LstmStateCopy[from|0]:256,1,1:1:1|1|1|1:0;:', 'shapes': 'inputs[0] = {1,1,640} outputs[0] = {1,640} '}

       0.001 ms  /decoder/dec_rnn/lstm/LSTM_1&LSTM&LstmStateCopy
    category: Api
    args: {'shapes': 'inputs[0] = {1,640} outputs[0] = {1,1,640} ', 'cache_key': 'LstmStateCopy[to|0|0]:256,1,1:1:1|1|1|1:0;:'}

       0.001 ms  /decoder/dec_rnn/lstm/LSTM_1&LSTM&LstmStateCopy
    category: Api
    args: {'cache_key': 'LstmStateCopy[to|0|0]:256,1,1:1:1|1|1|1:0;:', 'shapes': 'inputs[0] = {1,640} outputs[0] = {1,1,640} '}

       0.001 ms  /decoder/dec_rnn/lstm/LSTM&LSTM&LstmStateCopy
    category: Api
    args: {'shapes': 'inputs[0] = {1,1,640} outputs[0] = {1,640} ', 'cache_key': 'LstmStateCopy[from|0]:256,1,1:1:1|1|1|1:0;:'}

       0.001 ms  /decoder/dec_rnn/lstm/LSTM&LSTM&LstmStateCopy
    category: Api
    args: {'cache_key': 'LstmStateCopy[from|0]:256,1,1:1:1|1|1|1:0;:', 'shapes': 'inputs[0] = {1,1,640} outputs[0] = {1,640} '}

       0.001 ms  /decoder/dec_rnn/lstm/LSTM&LSTM&LstmStateCopy
    category: Api
    args: {'cache_key': 'LstmStateCopy[to|0|0]:256,1,1:1:1|1|1|1:0;:', 'shapes': 'inputs[0] = {1,640} outputs[0] = {1,1,640} '}

       0.001 ms  /decoder/dec_rnn/lstm/LSTM&LSTM&LstmStateCopy
    category: Api
    args: {'cache_key': 'LstmStateCopy[to|0|0]:256,1,1:1:1|1|1|1:0;:', 'shapes': 'inputs[0] = {1,640} outputs[0] = {1,1,640} '}

       0.001 ms  /decoder/dec_rnn/lstm/LSTM_1&LSTM&LstmStateCopy
    category: Api
    args: {'cache_key': 'LstmStateCopy[from|0]:256,1,1:1:1|1|1|1:0;:', 'shapes': 'inputs[0] = {1,1,640} outputs[0] = {1,640} '}

       0.001 ms  /decoder/dec_rnn/lstm/LSTM_1&LSTM&LstmStateCopy
    category: Api
    args: {'cache_key': 'LstmStateCopy[from|0]:256,1,1:1:1|1|1|1:0;:', 'shapes': 'inputs[0] = {1,1,640} outputs[0] = {1,640} '}

       0.001 ms  /decoder/dec_rnn/lstm/LSTM_1&LSTM&LstmStateCopy
    category: Api
    args: {'cache_key': 'LstmStateCopy[to|0|0]:256,1,1:1:1|1|1|1:0;:', 'shapes': 'inputs[0] = {1,640} outputs[0] = {1,1,640} '}

       0.001 ms  /decoder/dec_rnn/lstm/LSTM_1&LSTM&LstmStateCopy
    category: Api
    args: {'cache_key': 'LstmStateCopy[to|0|0]:256,1,1:1:1|1|1|1:0;:', 'shapes': 'inputs[0] = {1,640} outputs[0] = {1,1,640} '}

       0.001 ms  /decoder/dec_rnn/lstm/LSTM&LSTM&LstmStateCopy
    category: Api
    args: {'cache_key': 'LstmStateCopy[from|0]:256,1,1:1:1|1|1|1:0;:', 'shapes': 'inputs[0] = {1,1,640} outputs[0] = {1,640} '}

       0.001 ms  /decoder/dec_rnn/lstm/LSTM&LSTM&LstmStateCopy
    category: Api
    args: {'shapes': 'inputs[0] = {1,1,640} outputs[0] = {1,640} ', 'cache_key': 'LstmStateCopy[from|0]:256,1,1:1:1|1|1|1:0;:'}

       0.003 ms  /decoder/dec_rnn/lstm/LSTM&LSTM&LstmStateCopy
    category: Api
    args: {'cache_key': 'LstmStateCopy[to|0|0]:256,1,1:1:1|1|1|1:0;:', 'shapes': 'inputs[0] = {1,640} outputs[0] = {1,1,640} '}

       0.001 ms  /decoder/dec_rnn/lstm/LSTM&LSTM&LstmStateCopy
    category: Api
    args: {'cache_key': 'LstmStateCopy[to|0|0]:256,1,1:1:1|1|1|1:0;:', 'shapes': 'inputs[0] = {1,640} outputs[0] = {1,1,640} '}

       0.001 ms  /decoder/dec_rnn/lstm/LSTM_1&LSTM&LstmStateCopy
    category: Api
    args: {'cache_key': 'LstmStateCopy[from|0]:256,1,1:1:1|1|1|1:0;:', 'shapes': 'inputs[0] = {1,1,640} outputs[0] = {1,640} '}

       0.001 ms  /decoder/dec_rnn/lstm/LSTM_1&LSTM&LstmStateCopy
    category: Api
    args: {'cache_key': 'LstmStateCopy[from|0]:256,1,1:1:1|1|1|1:0;:', 'shapes': 'inputs[0] = {1,1,640} outputs[0] = {1,640} '}

       0.327 ms  /decoder/dec_rnn/lstm/LSTM_1&LSTM&LstmStateCopy
    category: Api
    args: {'cache_key': 'LstmStateCopy[to|0|0]:256,1,1:1:1|1|1|1:0;:', 'shapes': 'inputs[0] = {1,640} outputs[0] = {1,1,640} '}

       0.001 ms  /decoder/dec_rnn/lstm/LSTM_1&LSTM&LstmStateCopy
    category: Api
    args: {'cache_key': 'LstmStateCopy[to|0|0]:256,1,1:1:1|1|1|1:0;:', 'shapes': 'inputs[0] = {1,640} outputs[0] = {1,1,640} '}

       0.001 ms  /decoder/dec_rnn/lstm/LSTM&LSTM&LstmStateCopy
    category: Api
    args: {'shapes': 'inputs[0] = {1,1,640} outputs[0] = {1,640} ', 'cache_key': 'LstmStateCopy[from|0]:256,1,1:1:1|1|1|1:0;:'}

       0.001 ms  /decoder/dec_rnn/lstm/LSTM&LSTM&LstmStateCopy
    category: Api
    args: {'shapes': 'inputs[0] = {1,1,640} outputs[0] = {1,640} ', 'cache_key': 'LstmStateCopy[from|0]:256,1,1:1:1|1|1|1:0;:'}

       0.001 ms  /decoder/dec_rnn/lstm/LSTM&LSTM&LstmStateCopy
    category: Api
    args: {'cache_key': 'LstmStateCopy[to|0|0]:256,1,1:1:1|1|1|1:0;:', 'shapes': 'inputs[0] = {1,640} outputs[0] = {1,1,640} '}

       0.001 ms  /decoder/dec_rnn/lstm/LSTM&LSTM&LstmStateCopy
    category: Api
    args: {'shapes': 'inputs[0] = {1,640} outputs[0] = {1,1,640} ', 'cache_key': 'LstmStateCopy[to|0|0]:256,1,1:1:1|1|1|1:0;:'}

       0.001 ms  /decoder/dec_rnn/lstm/LSTM_1&LSTM&LstmStateCopy
    category: Api
    args: {'cache_key': 'LstmStateCopy[from|0]:256,1,1:1:1|1|1|1:0;:', 'shapes': 'inputs[0] = {1,1,640} outputs[0] = {1,640} '}

       0.001 ms  /decoder/dec_rnn/lstm/LSTM_1&LSTM&LstmStateCopy
    category: Api
    args: {'cache_key': 'LstmStateCopy[from|0]:256,1,1:1:1|1|1|1:0;:', 'shapes': 'inputs[0] = {1,1,640} outputs[0] = {1,640} '}

       0.001 ms  /decoder/dec_rnn/lstm/LSTM_1&LSTM&LstmStateCopy
    category: Api
    args: {'cache_key': 'LstmStateCopy[to|0|0]:256,1,1:1:1|1|1|1:0;:', 'shapes': 'inputs[0] = {1,640} outputs[0] = {1,1,640} '}

       0.001 ms  /decoder/dec_rnn/lstm/LSTM_1&LSTM&LstmStateCopy
    category: Api
    args: {'shapes': 'inputs[0] = {1,640} outputs[0] = {1,1,640} ', 'cache_key': 'LstmStateCopy[to|0|0]:256,1,1:1:1|1|1|1:0;:'}

       0.001 ms  /decoder/dec_rnn/lstm/LSTM&LSTM&LstmStateCopy
    category: Api
    args: {'shapes': 'inputs[0] = {1,1,640} outputs[0] = {1,640} ', 'cache_key': 'LstmStateCopy[from|0]:256,1,1:1:1|1|1|1:0;:'}

       0.001 ms  /decoder/dec_rnn/lstm/LSTM&LSTM&LstmStateCopy
    category: Api
    args: {'shapes': 'inputs[0] = {1,1,640} outputs[0] = {1,640} ', 'cache_key': 'LstmStateCopy[from|0]:256,1,1:1:1|1|1|1:0;:'}

       0.001 ms  /decoder/dec_rnn/lstm/LSTM&LSTM&LstmStateCopy
    category: Api
    args: {'shapes': 'inputs[0] = {1,640} outputs[0] = {1,1,640} ', 'cache_key': 'LstmStateCopy[to|0|0]:256,1,1:1:1|1|1|1:0;:'}

       0.001 ms  /decoder/dec_rnn/lstm/LSTM&LSTM&LstmStateCopy
    category: Api
    args: {'shapes': 'inputs[0] = {1,640} outputs[0] = {1,1,640} ', 'cache_key': 'LstmStateCopy[to|0|0]:256,1,1:1:1|1|1|1:0;:'}

       0.001 ms  /decoder/dec_rnn/lstm/LSTM_1&LSTM&LstmStateCopy
    category: Api
    args: {'cache_key': 'LstmStateCopy[from|0]:256,1,1:1:1|1|1|1:0;:', 'shapes': 'inputs[0] = {1,1,640} outputs[0] = {1,640} '}

       0.001 ms  /decoder/dec_rnn/lstm/LSTM_1&LSTM&LstmStateCopy
    category: Api
    args: {'shapes': 'inputs[0] = {1,1,640} outputs[0] = {1,640} ', 'cache_key': 'LstmStateCopy[from|0]:256,1,1:1:1|1|1|1:0;:'}

       0.001 ms  /decoder/dec_rnn/lstm/LSTM_1&LSTM&LstmStateCopy
    category: Api
    args: {'shapes': 'inputs[0] = {1,640} outputs[0] = {1,1,640} ', 'cache_key': 'LstmStateCopy[to|0|0]:256,1,1:1:1|1|1|1:0;:'}

       0.001 ms  /decoder/dec_rnn/lstm/LSTM_1&LSTM&LstmStateCopy
    category: Api
    args: {'shapes': 'inputs[0] = {1,640} outputs[0] = {1,1,640} ', 'cache_key': 'LstmStateCopy[to|0|0]:256,1,1:1:1|1|1|1:0;:'}

       0.001 ms  /decoder/dec_rnn/lstm/LSTM&LSTM&LstmStateCopy
    category: Api
    args: {'shapes': 'inputs[0] = {1,1,640} outputs[0] = {1,640} ', 'cache_key': 'LstmStateCopy[from|0]:256,1,1:1:1|1|1|1:0;:'}

       0.001 ms  /decoder/dec_rnn/lstm/LSTM&LSTM&LstmStateCopy
    category: Api
    args: {'cache_key': 'LstmStateCopy[from|0]:256,1,1:1:1|1|1|1:0;:', 'shapes': 'inputs[0] = {1,1,640} outputs[0] = {1,640} '}

       0.001 ms  /decoder/dec_rnn/lstm/LSTM&LSTM&LstmStateCopy
    category: Api
    args: {'shapes': 'inputs[0] = {1,640} outputs[0] = {1,1,640} ', 'cache_key': 'LstmStateCopy[to|0|0]:256,1,1:1:1|1|1|1:0;:'}

       0.001 ms  /decoder/dec_rnn/lstm/LSTM&LSTM&LstmStateCopy
    category: Api
    args: {'cache_key': 'LstmStateCopy[to|0|0]:256,1,1:1:1|1|1|1:0;:', 'shapes': 'inputs[0] = {1,640} outputs[0] = {1,1,640} '}

       0.001 ms  /decoder/dec_rnn/lstm/LSTM_1&LSTM&LstmStateCopy
    category: Api
    args: {'shapes': 'inputs[0] = {1,1,640} outputs[0] = {1,640} ', 'cache_key': 'LstmStateCopy[from|0]:256,1,1:1:1|1|1|1:0;:'}

       0.001 ms  /decoder/dec_rnn/lstm/LSTM_1&LSTM&LstmStateCopy
    category: Api
    args: {'shapes': 'inputs[0] = {1,1,640} outputs[0] = {1,640} ', 'cache_key': 'LstmStateCopy[from|0]:256,1,1:1:1|1|1|1:0;:'}

       0.001 ms  /decoder/dec_rnn/lstm/LSTM_1&LSTM&LstmStateCopy
    category: Api
    args: {'cache_key': 'LstmStateCopy[to|0|0]:256,1,1:1:1|1|1|1:0;:', 'shapes': 'inputs[0] = {1,640} outputs[0] = {1,1,640} '}

       0.001 ms  /decoder/dec_rnn/lstm/LSTM_1&LSTM&LstmStateCopy
    category: Api
    args: {'cache_key': 'LstmStateCopy[to|0|0]:256,1,1:1:1|1|1|1:0;:', 'shapes': 'inputs[0] = {1,640} outputs[0] = {1,1,640} '}

       0.001 ms  /decoder/dec_rnn/lstm/LSTM&LSTM&LstmStateCopy
    category: Api
    args: {'shapes': 'inputs[0] = {1,1,640} outputs[0] = {1,640} ', 'cache_key': 'LstmStateCopy[from|0]:256,1,1:1:1|1|1|1:0;:'}

       0.001 ms  /decoder/dec_rnn/lstm/LSTM&LSTM&LstmStateCopy
    category: Api
    args: {'cache_key': 'LstmStateCopy[from|0]:256,1,1:1:1|1|1|1:0;:', 'shapes': 'inputs[0] = {1,1,640} outputs[0] = {1,640} '}

       0.001 ms  /decoder/dec_rnn/lstm/LSTM&LSTM&LstmStateCopy
    category: Api
    args: {'shapes': 'inputs[0] = {1,640} outputs[0] = {1,1,640} ', 'cache_key': 'LstmStateCopy[to|0|0]:256,1,1:1:1|1|1|1:0;:'}

       0.001 ms  /decoder/dec_rnn/lstm/LSTM&LSTM&LstmStateCopy
    category: Api
    args: {'cache_key': 'LstmStateCopy[to|0|0]:256,1,1:1:1|1|1|1:0;:', 'shapes': 'inputs[0] = {1,640} outputs[0] = {1,1,640} '}

       0.001 ms  /decoder/dec_rnn/lstm/LSTM_1&LSTM&LstmStateCopy
    category: Api
    args: {'cache_key': 'LstmStateCopy[from|0]:256,1,1:1:1|1|1|1:0;:', 'shapes': 'inputs[0] = {1,1,640} outputs[0] = {1,640} '}

       0.001 ms  /decoder/dec_rnn/lstm/LSTM_1&LSTM&LstmStateCopy
    category: Api
    args: {'cache_key': 'LstmStateCopy[from|0]:256,1,1:1:1|1|1|1:0;:', 'shapes': 'inputs[0] = {1,1,640} outputs[0] = {1,640} '}

       0.001 ms  /decoder/dec_rnn/lstm/LSTM_1&LSTM&LstmStateCopy
    category: Api
    args: {'cache_key': 'LstmStateCopy[to|0|0]:256,1,1:1:1|1|1|1:0;:', 'shapes': 'inputs[0] = {1,640} outputs[0] = {1,1,640} '}

       0.001 ms  /decoder/dec_rnn/lstm/LSTM_1&LSTM&LstmStateCopy
    category: Api
    args: {'shapes': 'inputs[0] = {1,640} outputs[0] = {1,1,640} ', 'cache_key': 'LstmStateCopy[to|0|0]:256,1,1:1:1|1|1|1:0;:'}

       0.001 ms  /decoder/dec_rnn/lstm/LSTM&LSTM&LstmStateCopy
    category: Api
    args: {'shapes': 'inputs[0] = {1,1,640} outputs[0] = {1,640} ', 'cache_key': 'LstmStateCopy[from|0]:256,1,1:1:1|1|1|1:0;:'}

       0.001 ms  /decoder/dec_rnn/lstm/LSTM&LSTM&LstmStateCopy
    category: Api
    args: {'cache_key': 'LstmStateCopy[from|0]:256,1,1:1:1|1|1|1:0;:', 'shapes': 'inputs[0] = {1,1,640} outputs[0] = {1,640} '}

       0.001 ms  /decoder/dec_rnn/lstm/LSTM&LSTM&LstmStateCopy
    category: Api
    args: {'shapes': 'inputs[0] = {1,640} outputs[0] = {1,1,640} ', 'cache_key': 'LstmStateCopy[to|0|0]:256,1,1:1:1|1|1|1:0;:'}

       0.001 ms  /decoder/dec_rnn/lstm/LSTM&LSTM&LstmStateCopy
    category: Api
    args: {'cache_key': 'LstmStateCopy[to|0|0]:256,1,1:1:1|1|1|1:0;:', 'shapes': 'inputs[0] = {1,640} outputs[0] = {1,1,640} '}

       0.001 ms  /decoder/dec_rnn/lstm/LSTM_1&LSTM&LstmStateCopy
    category: Api
    args: {'shapes': 'inputs[0] = {1,1,640} outputs[0] = {1,640} ', 'cache_key': 'LstmStateCopy[from|0]:256,1,1:1:1|1|1|1:0;:'}

       0.001 ms  /decoder/dec_rnn/lstm/LSTM_1&LSTM&LstmStateCopy
    category: Api
    args: {'cache_key': 'LstmStateCopy[from|0]:256,1,1:1:1|1|1|1:0;:', 'shapes': 'inputs[0] = {1,1,640} outputs[0] = {1,640} '}

       0.001 ms  /decoder/dec_rnn/lstm/LSTM_1&LSTM&LstmStateCopy
    category: Api
    args: {'shapes': 'inputs[0] = {1,640} outputs[0] = {1,1,640} ', 'cache_key': 'LstmStateCopy[to|0|0]:256,1,1:1:1|1|1|1:0;:'}

       0.001 ms  /decoder/dec_rnn/lstm/LSTM_1&LSTM&LstmStateCopy
    category: Api
    args: {'shapes': 'inputs[0] = {1,640} outputs[0] = {1,1,640} ', 'cache_key': 'LstmStateCopy[to|0|0]:256,1,1:1:1|1|1|1:0;:'}

       0.001 ms  /decoder/dec_rnn/lstm/LSTM&LSTM&LstmStateCopy
    category: Api
    args: {'cache_key': 'LstmStateCopy[from|0]:256,1,1:1:1|1|1|1:0;:', 'shapes': 'inputs[0] = {1,1,640} outputs[0] = {1,640} '}

       0.001 ms  /decoder/dec_rnn/lstm/LSTM&LSTM&LstmStateCopy
    category: Api
    args: {'shapes': 'inputs[0] = {1,1,640} outputs[0] = {1,640} ', 'cache_key': 'LstmStateCopy[from|0]:256,1,1:1:1|1|1|1:0;:'}

       0.001 ms  /decoder/dec_rnn/lstm/LSTM&LSTM&LstmStateCopy
    category: Api
    args: {'shapes': 'inputs[0] = {1,640} outputs[0] = {1,1,640} ', 'cache_key': 'LstmStateCopy[to|0|0]:256,1,1:1:1|1|1|1:0;:'}

       0.001 ms  /decoder/dec_rnn/lstm/LSTM&LSTM&LstmStateCopy
    category: Api
    args: {'shapes': 'inputs[0] = {1,640} outputs[0] = {1,1,640} ', 'cache_key': 'LstmStateCopy[to|0|0]:256,1,1:1:1|1|1|1:0;:'}

       0.001 ms  /decoder/dec_rnn/lstm/LSTM_1&LSTM&LstmStateCopy
    category: Api
    args: {'cache_key': 'LstmStateCopy[from|0]:256,1,1:1:1|1|1|1:0;:', 'shapes': 'inputs[0] = {1,1,640} outputs[0] = {1,640} '}

       0.001 ms  /decoder/dec_rnn/lstm/LSTM_1&LSTM&LstmStateCopy
    category: Api
    args: {'shapes': 'inputs[0] = {1,1,640} outputs[0] = {1,640} ', 'cache_key': 'LstmStateCopy[from|0]:256,1,1:1:1|1|1|1:0;:'}

       0.001 ms  /decoder/dec_rnn/lstm/LSTM_1&LSTM&LstmStateCopy
    category: Api
    args: {'cache_key': 'LstmStateCopy[to|0|0]:256,1,1:1:1|1|1|1:0;:', 'shapes': 'inputs[0] = {1,640} outputs[0] = {1,1,640} '}

       0.001 ms  /decoder/dec_rnn/lstm/LSTM_1&LSTM&LstmStateCopy
    category: Api
    args: {'shapes': 'inputs[0] = {1,640} outputs[0] = {1,1,640} ', 'cache_key': 'LstmStateCopy[to|0|0]:256,1,1:1:1|1|1|1:0;:'}

       0.001 ms  /decoder/dec_rnn/lstm/LSTM&LSTM&LstmStateCopy
    category: Api
    args: {'cache_key': 'LstmStateCopy[from|0]:256,1,1:1:1|1|1|1:0;:', 'shapes': 'inputs[0] = {1,1,640} outputs[0] = {1,640} '}

       0.001 ms  /decoder/dec_rnn/lstm/LSTM&LSTM&LstmStateCopy
    category: Api
    args: {'cache_key': 'LstmStateCopy[from|0]:256,1,1:1:1|1|1|1:0;:', 'shapes': 'inputs[0] = {1,1,640} outputs[0] = {1,640} '}

       0.001 ms  /decoder/dec_rnn/lstm/LSTM&LSTM&LstmStateCopy
    category: Api
    args: {'shapes': 'inputs[0] = {1,640} outputs[0] = {1,1,640} ', 'cache_key': 'LstmStateCopy[to|0|0]:256,1,1:1:1|1|1|1:0;:'}

       0.001 ms  /decoder/dec_rnn/lstm/LSTM&LSTM&LstmStateCopy
    category: Api
    args: {'shapes': 'inputs[0] = {1,640} outputs[0] = {1,1,640} ', 'cache_key': 'LstmStateCopy[to|0|0]:256,1,1:1:1|1|1|1:0;:'}

       0.001 ms  /decoder/dec_rnn/lstm/LSTM_1&LSTM&LstmStateCopy
    category: Api
    args: {'shapes': 'inputs[0] = {1,1,640} outputs[0] = {1,640} ', 'cache_key': 'LstmStateCopy[from|0]:256,1,1:1:1|1|1|1:0;:'}

       0.001 ms  /decoder/dec_rnn/lstm/LSTM_1&LSTM&LstmStateCopy
    category: Api
    args: {'shapes': 'inputs[0] = {1,1,640} outputs[0] = {1,640} ', 'cache_key': 'LstmStateCopy[from|0]:256,1,1:1:1|1|1|1:0;:'}

       0.001 ms  /decoder/dec_rnn/lstm/LSTM_1&LSTM&LstmStateCopy
    category: Api
    args: {'shapes': 'inputs[0] = {1,640} outputs[0] = {1,1,640} ', 'cache_key': 'LstmStateCopy[to|0|0]:256,1,1:1:1|1|1|1:0;:'}

       0.001 ms  /decoder/dec_rnn/lstm/LSTM_1&LSTM&LstmStateCopy
    category: Api
    args: {'shapes': 'inputs[0] = {1,640} outputs[0] = {1,1,640} ', 'cache_key': 'LstmStateCopy[to|0|0]:256,1,1:1:1|1|1|1:0;:'}

       0.001 ms  /decoder/dec_rnn/lstm/LSTM&LSTM&LstmStateCopy
    category: Api
    args: {'shapes': 'inputs[0] = {1,1,640} outputs[0] = {1,640} ', 'cache_key': 'LstmStateCopy[from|0]:256,1,1:1:1|1|1|1:0;:'}

       0.001 ms  /decoder/dec_rnn/lstm/LSTM&LSTM&LstmStateCopy
    category: Api
    args: {'shapes': 'inputs[0] = {1,1,640} outputs[0] = {1,640} ', 'cache_key': 'LstmStateCopy[from|0]:256,1,1:1:1|1|1|1:0;:'}

       0.001 ms  /decoder/dec_rnn/lstm/LSTM&LSTM&LstmStateCopy
    category: Api
    args: {'shapes': 'inputs[0] = {1,640} outputs[0] = {1,1,640} ', 'cache_key': 'LstmStateCopy[to|0|0]:256,1,1:1:1|1|1|1:0;:'}

       0.001 ms  /decoder/dec_rnn/lstm/LSTM&LSTM&LstmStateCopy
    category: Api
    args: {'cache_key': 'LstmStateCopy[to|0|0]:256,1,1:1:1|1|1|1:0;:', 'shapes': 'inputs[0] = {1,640} outputs[0] = {1,1,640} '}

       0.001 ms  /decoder/dec_rnn/lstm/LSTM_1&LSTM&LstmStateCopy
    category: Api
    args: {'shapes': 'inputs[0] = {1,1,640} outputs[0] = {1,640} ', 'cache_key': 'LstmStateCopy[from|0]:256,1,1:1:1|1|1|1:0;:'}

       0.001 ms  /decoder/dec_rnn/lstm/LSTM_1&LSTM&LstmStateCopy
    category: Api
    args: {'cache_key': 'LstmStateCopy[from|0]:256,1,1:1:1|1|1|1:0;:', 'shapes': 'inputs[0] = {1,1,640} outputs[0] = {1,640} '}

       0.001 ms  /decoder/dec_rnn/lstm/LSTM_1&LSTM&LstmStateCopy
    category: Api
    args: {'shapes': 'inputs[0] = {1,640} outputs[0] = {1,1,640} ', 'cache_key': 'LstmStateCopy[to|0|0]:256,1,1:1:1|1|1|1:0;:'}

       0.001 ms  /decoder/dec_rnn/lstm/LSTM_1&LSTM&LstmStateCopy
    category: Api
    args: {'cache_key': 'LstmStateCopy[to|0|0]:256,1,1:1:1|1|1|1:0;:', 'shapes': 'inputs[0] = {1,640} outputs[0] = {1,1,640} '}


================================================================================
TOP 100 LONGEST EVENTS
================================================================================
  1.      325.989 ms  model_run
     category: Session
     args: {}

  2.      300.592 ms  model_run
     category: Session
     args: {}

  3.      266.123 ms  model_run
     category: Session
     args: {}

  4.      238.028 ms  model_run
     category: Session
     args: {}

  5.      229.341 ms  model_run
     category: Session
     args: {}

  6.      220.742 ms  model_run
     category: Session
     args: {}

  7.      162.450 ms  model_run
     category: Session
     args: {}

  8.      123.460 ms  model_run
     category: Session
     args: {}

  9.      122.244 ms  SequentialExecutor::Execute
     category: Session
     args: {}

 10.       34.243 ms  session_initialization
     category: Session
     args: {}

 11.       30.703 ms  /joint/pred/MatMul_kernel_time
     category: Node
     args: {'input_type_shape': [{'float': [1, 1, 640]}, {'float': [640, 640]}], 'op_name': 'MatMul', 'provider': 'WebGpuExecutionProvider', 'node_index': '17', 'activation_size': '2560', 'output_size': '2560', 'thread_scheduling_stats': {'main_thread': {'thread_pool_name': 'session-3-intra-op', 'thread_id': '7420', 'block_size': [], 'core': 0, 'Distribution': 0, 'DistributionEnqueue': 0, 'Run': 0, 'Wait': 0, 'WaitRevoke': 0}, 'sub_threads': {'15608': {'num_run': 0, 'core': -1}, '7876': {'num_run': 0, 'core': -1}, '16020': {'num_run': 0, 'core': -1}, '11772': {'num_run': 0, 'core': -1}, '7348': {'num_run': 0, 'core': -1}, '8144': {'num_run': 0, 'core': -1}, '15672': {'num_run': 0, 'core': -1}, '5464': {'num_run': 0, 'core': -1}, '15912': {'num_run': 0, 'core': -1}, '5132': {'num_run': 0, 'core': -1}, '14228': {'num_run': 0, 'core': -1}, '12928': {'num_run': 0, 'core': -1}, '17528': {'num_run': 0, 'core': -1}, '17888': {'num_run': 0, 'core': -1}, '17500': {'num_run': 0, 'core': -1}}}, 'output_type_shape': [{'float': [1, 1, 640]}], 'parameter_size': '1638400'}

 12.       24.692 ms  /decoder/dec_rnn/lstm/LSTM_kernel_time
     category: Node
     args: {'output_size': '7680', 'parameter_size': '13127680', 'op_name': 'LSTM', 'activation_size': '7680', 'provider': 'WebGpuExecutionProvider', 'node_index': '5', 'thread_scheduling_stats': {'main_thread': {'thread_pool_name': 'session-3-intra-op', 'thread_id': '7420', 'block_size': [], 'core': 0, 'Distribution': 0, 'DistributionEnqueue': 0, 'Run': 0, 'Wait': 0, 'WaitRevoke': 0}, 'sub_threads': {'15608': {'num_run': 0, 'core': -1}, '7876': {'num_run': 0, 'core': -1}, '16020': {'num_run': 0, 'core': -1}, '11772': {'num_run': 0, 'core': -1}, '7348': {'num_run': 0, 'core': -1}, '8144': {'num_run': 0, 'core': -1}, '15672': {'num_run': 0, 'core': -1}, '5464': {'num_run': 0, 'core': -1}, '15912': {'num_run': 0, 'core': -1}, '5132': {'num_run': 0, 'core': -1}, '14228': {'num_run': 0, 'core': -1}, '12928': {'num_run': 0, 'core': -1}, '17528': {'num_run': 0, 'core': -1}, '17888': {'num_run': 0, 'core': -1}, '17500': {'num_run': 0, 'core': -1}}}, 'output_type_shape': [{'float': [1, 1, 1, 640]}, {'float': [1, 1, 640]}, {'float': [1, 1, 640]}], 'input_type_shape': [{'float': [1, 1, 640]}, {'float': [1, 2560, 640]}, {'float': [1, 2560, 640]}, {'float': [1, 5120]}, {'float': [1, 1, 640]}, {'float': [1, 1, 640]}]}

 13.       24.442 ms  /joint/joint_net/joint_net.2/MatMul_kernel_time
     category: Node
     args: {'output_type_shape': [{'float': [1, 1, 1, 8198]}], 'provider': 'WebGpuExecutionProvider', 'parameter_size': '20986880', 'output_size': '32792', 'node_index': '23', 'input_type_shape': [{'float': [1, 1, 1, 640]}, {'float': [640, 8198]}], 'activation_size': '2560', 'op_name': 'MatMul', 'thread_scheduling_stats': {'main_thread': {'thread_pool_name': 'session-3-intra-op', 'thread_id': '7420', 'block_size': [], 'core': 0, 'Distribution': 0, 'DistributionEnqueue': 0, 'Run': 0, 'Wait': 0, 'WaitRevoke': 0}, 'sub_threads': {'15608': {'num_run': 0, 'core': -1}, '7876': {'num_run': 0, 'core': -1}, '16020': {'num_run': 0, 'core': -1}, '11772': {'num_run': 0, 'core': -1}, '7348': {'num_run': 0, 'core': -1}, '8144': {'num_run': 0, 'core': -1}, '15672': {'num_run': 0, 'core': -1}, '5464': {'num_run': 0, 'core': -1}, '15912': {'num_run': 0, 'core': -1}, '5132': {'num_run': 0, 'core': -1}, '14228': {'num_run': 0, 'core': -1}, '12928': {'num_run': 0, 'core': -1}, '17528': {'num_run': 0, 'core': -1}, '17888': {'num_run': 0, 'core': -1}, '17500': {'num_run': 0, 'core': -1}}}}

 14.       23.749 ms  model_run
     category: Session
     args: {}

 15.       22.556 ms  model_run
     category: Session
     args: {}

 16.       19.649 ms  model_loading_uri
     category: Session
     args: {}

 17.       18.732 ms  model_run
     category: Session
     args: {}

 18.       16.733 ms  model_run
     category: Session
     args: {}

 19.       16.680 ms  model_run
     category: Session
     args: {}

 20.       16.185 ms  model_run
     category: Session
     args: {}

 21.       15.318 ms  model_run
     category: Session
     args: {}

 22.       14.634 ms  model_run
     category: Session
     args: {}

 23.       14.320 ms  model_run
     category: Session
     args: {}

 24.       13.717 ms  model_run
     category: Session
     args: {}

 25.       13.699 ms  /joint/joint_net/joint_net.2/Add_kernel_time
     category: Node
     args: {'output_type_shape': [{'float': [1, 1, 1, 8198]}], 'parameter_size': '32792', 'input_type_shape': [{'float': [8198]}, {'float': [1, 1, 1, 8198]}], 'output_size': '32792', 'provider': 'WebGpuExecutionProvider', 'op_name': 'Add', 'node_index': '24', 'activation_size': '32792', 'thread_scheduling_stats': {'main_thread': {'thread_pool_name': 'session-3-intra-op', 'thread_id': '7420', 'block_size': [], 'core': 0, 'Distribution': 0, 'DistributionEnqueue': 0, 'Run': 0, 'Wait': 0, 'WaitRevoke': 0}, 'sub_threads': {'15608': {'num_run': 0, 'core': -1}, '7876': {'num_run': 0, 'core': -1}, '16020': {'num_run': 0, 'core': -1}, '11772': {'num_run': 0, 'core': -1}, '7348': {'num_run': 0, 'core': -1}, '8144': {'num_run': 0, 'core': -1}, '15672': {'num_run': 0, 'core': -1}, '5464': {'num_run': 0, 'core': -1}, '15912': {'num_run': 0, 'core': -1}, '5132': {'num_run': 0, 'core': -1}, '14228': {'num_run': 0, 'core': -1}, '12928': {'num_run': 0, 'core': -1}, '17528': {'num_run': 0, 'core': -1}, '17888': {'num_run': 0, 'core': -1}, '17500': {'num_run': 0, 'core': -1}}}}

 26.       12.363 ms  model_run
     category: Session
     args: {}

 27.       12.291 ms  model_run
     category: Session
     args: {}

 28.       10.542 ms  /decoder/dec_rnn/lstm/Concat_1_kernel_time
     category: Node
     args: {'activation_size': '5120', 'input_type_shape': [{'float': [1, 1, 640]}, {'float': [1, 1, 640]}], 'parameter_size': '0', 'provider': 'WebGpuExecutionProvider', 'node_index': '12', 'thread_scheduling_stats': {'main_thread': {'thread_pool_name': 'session-3-intra-op', 'thread_id': '7420', 'block_size': [], 'core': 0, 'Distribution': 0, 'DistributionEnqueue': 0, 'Run': 0, 'Wait': 0, 'WaitRevoke': 0}, 'sub_threads': {'15608': {'num_run': 0, 'core': -1}, '7876': {'num_run': 0, 'core': -1}, '16020': {'num_run': 0, 'core': -1}, '11772': {'num_run': 0, 'core': -1}, '7348': {'num_run': 0, 'core': -1}, '8144': {'num_run': 0, 'core': -1}, '15672': {'num_run': 0, 'core': -1}, '5464': {'num_run': 0, 'core': -1}, '15912': {'num_run': 0, 'core': -1}, '5132': {'num_run': 0, 'core': -1}, '14228': {'num_run': 0, 'core': -1}, '12928': {'num_run': 0, 'core': -1}, '17528': {'num_run': 0, 'core': -1}, '17888': {'num_run': 0, 'core': -1}, '17500': {'num_run': 0, 'core': -1}}}, 'output_type_shape': [{'float': [2, 1, 640]}], 'output_size': '5120', 'op_name': 'Concat'}

 29.        9.291 ms  model_run
     category: Session
     args: {}

 30.        9.078 ms  model_run
     category: Session
     args: {}

 31.        7.060 ms  /decoder/embed/Gather_kernel_time
     category: Node
     args: {'node_index': '1', 'input_type_shape': [{'float': [8193, 640]}, {'int64': [1, 1]}], 'thread_scheduling_stats': {'main_thread': {'thread_pool_name': 'session-3-intra-op', 'thread_id': '7420', 'block_size': [], 'core': 0, 'Distribution': 0, 'DistributionEnqueue': 0, 'Run': 0, 'Wait': 0, 'WaitRevoke': 0}, 'sub_threads': {'15608': {'num_run': 0, 'core': -1}, '7876': {'num_run': 0, 'core': -1}, '16020': {'num_run': 0, 'core': -1}, '11772': {'num_run': 0, 'core': -1}, '7348': {'num_run': 0, 'core': -1}, '8144': {'num_run': 0, 'core': -1}, '15672': {'num_run': 0, 'core': -1}, '5464': {'num_run': 0, 'core': -1}, '15912': {'num_run': 0, 'core': -1}, '5132': {'num_run': 0, 'core': -1}, '14228': {'num_run': 0, 'core': -1}, '12928': {'num_run': 0, 'core': -1}, '17528': {'num_run': 0, 'core': -1}, '17888': {'num_run': 0, 'core': -1}, '17500': {'num_run': 0, 'core': -1}}}, 'parameter_size': '20974080', 'output_type_shape': [{'float': [1, 1, 640]}], 'output_size': '2560', 'activation_size': '8', 'op_name': 'Gather', 'provider': 'WebGpuExecutionProvider'}

 32.        6.441 ms  model_run
     category: Session
     args: {}

 33.        6.316 ms  model_run
     category: Session
     args: {}

 34.        5.736 ms  /decoder/Transpose_kernel_time
     category: Node
     args: {'output_type_shape': [{'float': [1, 1, 640]}], 'thread_scheduling_stats': {'main_thread': {'thread_pool_name': 'session-3-intra-op', 'thread_id': '7420', 'block_size': [], 'core': 0, 'Distribution': 0, 'DistributionEnqueue': 0, 'Run': 0, 'Wait': 0, 'WaitRevoke': 0}, 'sub_threads': {'15608': {'num_run': 0, 'core': -1}, '7876': {'num_run': 0, 'core': -1}, '16020': {'num_run': 0, 'core': -1}, '11772': {'num_run': 0, 'core': -1}, '7348': {'num_run': 0, 'core': -1}, '8144': {'num_run': 0, 'core': -1}, '15672': {'num_run': 0, 'core': -1}, '5464': {'num_run': 0, 'core': -1}, '15912': {'num_run': 0, 'core': -1}, '5132': {'num_run': 0, 'core': -1}, '14228': {'num_run': 0, 'core': -1}, '12928': {'num_run': 0, 'core': -1}, '17528': {'num_run': 0, 'core': -1}, '17888': {'num_run': 0, 'core': -1}, '17500': {'num_run': 0, 'core': -1}}}, 'op_name': 'Transpose', 'activation_size': '2560', 'node_index': '2', 'input_type_shape': [{'float': [1, 1, 640]}], 'output_size': '2560', 'parameter_size': '0', 'provider': 'WebGpuExecutionProvider'}

 35.        4.600 ms  model_run
     category: Session
     args: {}

 36.        4.295 ms  /joint/joint_net/joint_net.0/Relu_kernel_time
     category: Node
     args: {'output_size': '2560', 'thread_scheduling_stats': {'main_thread': {'thread_pool_name': 'session-3-intra-op', 'thread_id': '7420', 'block_size': [], 'core': 0, 'Distribution': 0, 'DistributionEnqueue': 0, 'Run': 0, 'Wait': 0, 'WaitRevoke': 0}, 'sub_threads': {'15608': {'num_run': 0, 'core': -1}, '7876': {'num_run': 0, 'core': -1}, '16020': {'num_run': 0, 'core': -1}, '11772': {'num_run': 0, 'core': -1}, '7348': {'num_run': 0, 'core': -1}, '8144': {'num_run': 0, 'core': -1}, '15672': {'num_run': 0, 'core': -1}, '5464': {'num_run': 0, 'core': -1}, '15912': {'num_run': 0, 'core': -1}, '5132': {'num_run': 0, 'core': -1}, '14228': {'num_run': 0, 'core': -1}, '12928': {'num_run': 0, 'core': -1}, '17528': {'num_run': 0, 'core': -1}, '17888': {'num_run': 0, 'core': -1}, '17500': {'num_run': 0, 'core': -1}}}, 'node_index': '22', 'activation_size': '2560', 'parameter_size': '0', 'output_type_shape': [{'float': [1, 1, 1, 640]}], 'provider': 'WebGpuExecutionProvider', 'input_type_shape': [{'float': [1, 1, 1, 640]}], 'op_name': 'Relu'}

 37.        3.952 ms  model_run
     category: Session
     args: {}

 38.        3.922 ms  model_run
     category: Session
     args: {}

 39.        3.839 ms  model_run
     category: Session
     args: {}

 40.        3.829 ms  model_run
     category: Session
     args: {}

 41.        3.812 ms  model_run
     category: Session
     args: {}

 42.        3.800 ms  model_run
     category: Session
     args: {}

 43.        3.766 ms  model_run
     category: Session
     args: {}

 44.        3.761 ms  model_run
     category: Session
     args: {}

 45.        3.733 ms  model_run
     category: Session
     args: {}

 46.        3.704 ms  model_run
     category: Session
     args: {}

 47.        3.703 ms  model_run
     category: Session
     args: {}

 48.        3.591 ms  model_run
     category: Session
     args: {}

 49.        3.563 ms  model_run
     category: Session
     args: {}

 50.        3.532 ms  model_run
     category: Session
     args: {}

 51.        3.521 ms  model_run
     category: Session
     args: {}

 52.        3.477 ms  model_run
     category: Session
     args: {}

 53.        3.476 ms  model_run
     category: Session
     args: {}

 54.        3.461 ms  model_run
     category: Session
     args: {}

 55.        3.417 ms  model_run
     category: Session
     args: {}

 56.        3.405 ms  model_run
     category: Session
     args: {}

 57.        3.339 ms  model_run
     category: Session
     args: {}

 58.        3.324 ms  model_run
     category: Session
     args: {}

 59.        3.300 ms  model_run
     category: Session
     args: {}

 60.        3.293 ms  model_run
     category: Session
     args: {}

 61.        3.277 ms  model_run
     category: Session
     args: {}

 62.        3.258 ms  model_run
     category: Session
     args: {}

 63.        3.195 ms  model_run
     category: Session
     args: {}

 64.        3.122 ms  model_run
     category: Session
     args: {}

 65.        3.117 ms  model_run
     category: Session
     args: {}

 66.        3.110 ms  model_run
     category: Session
     args: {}

 67.        3.023 ms  model_run
     category: Session
     args: {}

 68.        2.991 ms  model_run
     category: Session
     args: {}

 69.        2.989 ms  model_run
     category: Session
     args: {}

 70.        2.974 ms  model_run
     category: Session
     args: {}

 71.        2.966 ms  model_run
     category: Session
     args: {}

 72.        2.948 ms  model_run
     category: Session
     args: {}

 73.        2.646 ms  model_run
     category: Session
     args: {}

 74.        2.619 ms  model_run
     category: Session
     args: {}

 75.        2.617 ms  model_run
     category: Session
     args: {}

 76.        2.606 ms  model_run
     category: Session
     args: {}

 77.        2.597 ms  model_run
     category: Session
     args: {}

 78.        2.588 ms  model_run
     category: Session
     args: {}

 79.        2.585 ms  model_run
     category: Session
     args: {}

 80.        2.456 ms  model_run
     category: Session
     args: {}

 81.        2.392 ms  model_run
     category: Session
     args: {}

 82.        2.386 ms  model_run
     category: Session
     args: {}

 83.        2.369 ms  model_run
     category: Session
     args: {}

 84.        2.312 ms  model_run
     category: Session
     args: {}

 85.        2.307 ms  model_run
     category: Session
     args: {}

 86.        2.279 ms  model_run
     category: Session
     args: {}

 87.        2.277 ms  model_run
     category: Session
     args: {}

 88.        2.272 ms  model_run
     category: Session
     args: {}

 89.        2.267 ms  model_run
     category: Session
     args: {}

 90.        2.266 ms  model_run
     category: Session
     args: {}

 91.        2.247 ms  model_run
     category: Session
     args: {}

 92.        2.241 ms  model_run
     category: Session
     args: {}

 93.        2.214 ms  model_run
     category: Session
     args: {}

 94.        2.185 ms  model_run
     category: Session
     args: {}

 95.        2.175 ms  model_run
     category: Session
     args: {}

 96.        2.145 ms  model_run
     category: Session
     args: {}

 97.        2.100 ms  model_run
     category: Session
     args: {}

 98.        2.090 ms  model_run
     category: Session
     args: {}

 99.        2.088 ms  model_run
     category: Session
     args: {}

100.        2.065 ms  model_run
     category: Session
     args: {}

